id,tipo,familia,onde_toca,evento,fichas,receita,duracao_ms,pico_dbfs,haptica,arquivo,estado
alvo_0,sfx,mundo,tv+controle,"Som.tocar(""alvo""): o alvo atingido",J5,"godot/estudos/direcao/som/gerar_sons.py kenney ""Impact Sounds/Audio/impactGlass_light_000.ogg"" alvo_0 --cru",231,-1.5,"acerto 0,3/0,6/80 ms",godot/assets/sons/alvo_0.wav,no jogo
alvo_1,sfx,mundo,tv+controle,"Som.tocar(""alvo""): o alvo atingido",J5,"godot/estudos/direcao/som/gerar_sons.py kenney ""Impact Sounds/Audio/impactGlass_light_001.ogg"" alvo_1 --cru",207,-0.9,"acerto 0,3/0,6/80 ms",godot/assets/sons/alvo_1.wav,no jogo
alvo_2,sfx,mundo,tv+controle,"Som.tocar(""alvo""): o alvo atingido",J5,"godot/estudos/direcao/som/gerar_sons.py kenney ""Impact Sounds/Audio/impactGlass_light_002.ogg"" alvo_2 --cru",207,-1.2,"acerto 0,3/0,6/80 ms",godot/assets/sons/alvo_2.wav,no jogo
alvo_3,sfx,mundo,tv+controle,"Som.tocar(""alvo""): o alvo atingido",J5,"godot/estudos/direcao/som/gerar_sons.py kenney ""Impact Sounds/Audio/impactGlass_light_003.ogg"" alvo_3 --cru",207,-1.1,"acerto 0,3/0,6/80 ms",godot/assets/sons/alvo_3.wav,no jogo
alvo_4,sfx,mundo,tv+controle,"Som.tocar(""alvo""): o alvo atingido",J5,"godot/estudos/direcao/som/gerar_sons.py kenney ""Impact Sounds/Audio/impactGlass_light_004.ogg"" alvo_4 --cru",207,-0.8,"acerto 0,3/0,6/80 ms",godot/assets/sons/alvo_4.wav,no jogo
carimbo_0,sfx,metal,tv+controle,"Som.tocar(""carimbo""): o carimbo bate no tempo",I5 K1 K5 O4 P3,"godot/estudos/direcao/som/gerar_sons.py kenney ""Impact Sounds/Audio/impactWood_heavy_000.ogg"" carimbo_0 --cru",310,-0.9,"acerto 0,3/0,6/80 ms",godot/assets/sons/carimbo_0.wav,no jogo
carimbo_1,sfx,metal,tv+controle,"Som.tocar(""carimbo""): o carimbo bate no tempo",I5 K1 K5 O4 P3,"godot/estudos/direcao/som/gerar_sons.py kenney ""Impact Sounds/Audio/impactWood_heavy_001.ogg"" carimbo_1 --cru",310,-0.9,"acerto 0,3/0,6/80 ms",godot/assets/sons/carimbo_1.wav,no jogo
carimbo_2,sfx,metal,tv+controle,"Som.tocar(""carimbo""): o carimbo bate no tempo",I5 K1 K5 O4 P3,"godot/estudos/direcao/som/gerar_sons.py kenney ""Impact Sounds/Audio/impactWood_heavy_002.ogg"" carimbo_2 --cru",310,-1.0,"acerto 0,3/0,6/80 ms",godot/assets/sons/carimbo_2.wav,no jogo
carimbo_3,sfx,metal,tv+controle,"Som.tocar(""carimbo""): o carimbo bate no tempo",I5 K1 K5 O4 P3,"godot/estudos/direcao/som/gerar_sons.py kenney ""Impact Sounds/Audio/impactWood_heavy_003.ogg"" carimbo_3 --cru",310,-0.9,"acerto 0,3/0,6/80 ms",godot/assets/sons/carimbo_3.wav,no jogo
carimbo_4,sfx,metal,tv+controle,"Som.tocar(""carimbo""): o carimbo bate no tempo",I5 K1 K5 O4 P3,"godot/estudos/direcao/som/gerar_sons.py kenney ""Impact Sounds/Audio/impactWood_heavy_004.ogg"" carimbo_4 --cru",310,-1.0,"acerto 0,3/0,6/80 ms",godot/assets/sons/carimbo_4.wav,no jogo
confirma_0,ui,interface,tv,"Som.tocar(""confirma""): um acerto de jogo confirmado, a escolha feita",H06 K3 L1,"godot/estudos/direcao/som/gerar_sons.py kenney ""Interface Sounds/Audio/confirmation_001.ogg"" confirma_0 --cru",290,-0.9,"toque 0/0,45/60 ms",godot/assets/sons/confirma_0.wav,no jogo
confirma_1,ui,interface,tv,"Som.tocar(""confirma""): um acerto de jogo confirmado, a escolha feita",H06 K3 L1,"godot/estudos/direcao/som/gerar_sons.py kenney ""Interface Sounds/Audio/confirmation_002.ogg"" confirma_1 --cru",539,-1.0,"toque 0/0,45/60 ms",godot/assets/sons/confirma_1.wav,no jogo
confirma_2,ui,interface,tv,"Som.tocar(""confirma""): um acerto de jogo confirmado, a escolha feita",H06 K3 L1,"godot/estudos/direcao/som/gerar_sons.py kenney ""Interface Sounds/Audio/confirmation_003.ogg"" confirma_2 --cru",322,-1.0,"toque 0/0,45/60 ms",godot/assets/sons/confirma_2.wav,no jogo
escudo_0,sfx,metal,tv+controle,"Som.tocar(""escudo""): o escudo bloqueia",G03 L1,"godot/estudos/direcao/som/gerar_sons.py kenney ""Impact Sounds/Audio/impactPlate_medium_000.ogg"" escudo_0 --cru",609,-1.4,"golpe 1,0/0,6/250 ms; gatilho Resistência 2, 4",godot/assets/sons/escudo_0.wav,no jogo
escudo_1,sfx,metal,tv+controle,"Som.tocar(""escudo""): o escudo bloqueia",G03 L1,"godot/estudos/direcao/som/gerar_sons.py kenney ""Impact Sounds/Audio/impactPlate_medium_001.ogg"" escudo_1 --cru",616,-1.0,"golpe 1,0/0,6/250 ms; gatilho Resistência 2, 4",godot/assets/sons/escudo_1.wav,no jogo
escudo_2,sfx,metal,tv+controle,"Som.tocar(""escudo""): o escudo bloqueia",G03 L1,"godot/estudos/direcao/som/gerar_sons.py kenney ""Impact Sounds/Audio/impactPlate_medium_002.ogg"" escudo_2 --cru",515,-1.1,"golpe 1,0/0,6/250 ms; gatilho Resistência 2, 4",godot/assets/sons/escudo_2.wav,no jogo
escudo_3,sfx,metal,tv+controle,"Som.tocar(""escudo""): o escudo bloqueia",G03 L1,"godot/estudos/direcao/som/gerar_sons.py kenney ""Impact Sounds/Audio/impactPlate_medium_003.ogg"" escudo_3 --cru",654,-1.2,"golpe 1,0/0,6/250 ms; gatilho Resistência 2, 4",godot/assets/sons/escudo_3.wav,no jogo
escudo_4,sfx,metal,tv+controle,"Som.tocar(""escudo""): o escudo bloqueia",G03 L1,"godot/estudos/direcao/som/gerar_sons.py kenney ""Impact Sounds/Audio/impactPlate_medium_004.ogg"" escudo_4 --cru",534,-1.0,"golpe 1,0/0,6/250 ms; gatilho Resistência 2, 4",godot/assets/sons/escudo_4.wav,no jogo
especial_0,stinger,interface,tv,"Som.tocar(""especial""): o especial carregado; reserva do JIN_RECORDE",H06 N5 Q1 Q3,"godot/estudos/direcao/som/gerar_sons.py kenney ""Digital Audio/Audio/powerUp2.ogg"" especial_0 --cru",467,-0.8,"acerto 0,3/0,6/80 ms",godot/assets/sons/especial_0.wav,no jogo
falha_0,sfx,interface,tv,"Som.tocar(""falha""): a falha física; vai ser trocada por fx_tropeco (bipe proibido no 03)",H04 H07 H08 J1 J2 K3 K5 L1 N3 O3 P2 P5,"godot/estudos/direcao/som/gerar_sons.py kenney ""Interface Sounds/Audio/error_004.ogg"" falha_0 --cru",104,-1.2,"erro 0,7/0,3/160 ms",godot/assets/sons/falha_0.wav,no jogo
falha_1,sfx,interface,tv,"Som.tocar(""falha""): a falha física; vai ser trocada por fx_tropeco (bipe proibido no 03)",H04 H07 H08 J1 J2 K3 K5 L1 N3 O3 P2 P5,"godot/estudos/direcao/som/gerar_sons.py kenney ""Interface Sounds/Audio/error_005.ogg"" falha_1 --cru",497,-1.0,"erro 0,7/0,3/160 ms",godot/assets/sons/falha_1.wav,no jogo
falha_2,sfx,interface,tv,"Som.tocar(""falha""): a falha física; vai ser trocada por fx_tropeco (bipe proibido no 03)",H04 H07 H08 J1 J2 K3 K5 L1 N3 O3 P2 P5,"godot/estudos/direcao/som/gerar_sons.py kenney ""Interface Sounds/Audio/error_006.ogg"" falha_2 --cru",500,-0.8,"erro 0,7/0,3/160 ms",godot/assets/sons/falha_2.wav,no jogo
golpe_0,sfx,metal,tv+controle,"Som.tocar(""golpe""): um golpe dado ou recebido",I3 I5 K5 L1 L2 L3 L4 L5 M4 M5 N2 N4 N5 P4 Q3,"godot/estudos/direcao/som/gerar_sons.py kenney ""Impact Sounds/Audio/impactPlate_heavy_000.ogg"" golpe_0 --cru",489,-0.8,"golpe 1,0/0,6/250 ms, do lado do golpe; gatilho Resistência 2, 4",godot/assets/sons/golpe_0.wav,no jogo
golpe_1,sfx,metal,tv+controle,"Som.tocar(""golpe""): um golpe dado ou recebido",I3 I5 K5 L1 L2 L3 L4 L5 M4 M5 N2 N4 N5 P4 Q3,"godot/estudos/direcao/som/gerar_sons.py kenney ""Impact Sounds/Audio/impactPlate_heavy_001.ogg"" golpe_1 --cru",349,-0.9,"golpe 1,0/0,6/250 ms, do lado do golpe; gatilho Resistência 2, 4",godot/assets/sons/golpe_1.wav,no jogo
golpe_2,sfx,metal,tv+controle,"Som.tocar(""golpe""): um golpe dado ou recebido",I3 I5 K5 L1 L2 L3 L4 L5 M4 M5 N2 N4 N5 P4 Q3,"godot/estudos/direcao/som/gerar_sons.py kenney ""Impact Sounds/Audio/impactPlate_heavy_002.ogg"" golpe_2 --cru",494,-1.5,"golpe 1,0/0,6/250 ms, do lado do golpe; gatilho Resistência 2, 4",godot/assets/sons/golpe_2.wav,no jogo
golpe_3,sfx,metal,tv+controle,"Som.tocar(""golpe""): um golpe dado ou recebido",I3 I5 K5 L1 L2 L3 L4 L5 M4 M5 N2 N4 N5 P4 Q3,"godot/estudos/direcao/som/gerar_sons.py kenney ""Impact Sounds/Audio/impactPlate_heavy_003.ogg"" golpe_3 --cru",344,-1.1,"golpe 1,0/0,6/250 ms, do lado do golpe; gatilho Resistência 2, 4",godot/assets/sons/golpe_3.wav,no jogo
golpe_4,sfx,metal,tv+controle,"Som.tocar(""golpe""): um golpe dado ou recebido",I3 I5 K5 L1 L2 L3 L4 L5 M4 M5 N2 N4 N5 P4 Q3,"godot/estudos/direcao/som/gerar_sons.py kenney ""Impact Sounds/Audio/impactPlate_heavy_004.ogg"" golpe_4 --cru",559,-0.9,"golpe 1,0/0,6/250 ms, do lado do golpe; gatilho Resistência 2, 4",godot/assets/sons/golpe_4.wav,no jogo
martelo_0,sfx,metal,tv+controle,"Som.tocar(""martelo""): a martelada na bigorna",G02 G13 I1 I5 J1 K4 L2 L4 O4 O5 P1 Q1 Q3 Q5,"godot/estudos/direcao/som/gerar_sons.py kenney ""Impact Sounds/Audio/impactMetal_heavy_000.ogg"" martelo_0 --cru",165,-0.9,"acerto 0,3/0,6/80 ms; pulso de 150 Hz nos atuadores",godot/assets/sons/martelo_0.wav,no jogo
martelo_1,sfx,metal,tv+controle,"Som.tocar(""martelo""): a martelada na bigorna",G02 G13 I1 I5 J1 K4 L2 L4 O4 O5 P1 Q1 Q3 Q5,"godot/estudos/direcao/som/gerar_sons.py kenney ""Impact Sounds/Audio/impactMetal_heavy_001.ogg"" martelo_1 --cru",356,-1.1,"acerto 0,3/0,6/80 ms; pulso de 150 Hz nos atuadores",godot/assets/sons/martelo_1.wav,no jogo
martelo_2,sfx,metal,tv+controle,"Som.tocar(""martelo""): a martelada na bigorna",G02 G13 I1 I5 J1 K4 L2 L4 O4 O5 P1 Q1 Q3 Q5,"godot/estudos/direcao/som/gerar_sons.py kenney ""Impact Sounds/Audio/impactMetal_heavy_002.ogg"" martelo_2 --cru",114,-1.2,"acerto 0,3/0,6/80 ms; pulso de 150 Hz nos atuadores",godot/assets/sons/martelo_2.wav,no jogo
martelo_3,sfx,metal,tv+controle,"Som.tocar(""martelo""): a martelada na bigorna",G02 G13 I1 I5 J1 K4 L2 L4 O4 O5 P1 Q1 Q3 Q5,"godot/estudos/direcao/som/gerar_sons.py kenney ""Impact Sounds/Audio/impactMetal_heavy_003.ogg"" martelo_3 --cru",204,-1.0,"acerto 0,3/0,6/80 ms; pulso de 150 Hz nos atuadores",godot/assets/sons/martelo_3.wav,no jogo
martelo_4,sfx,metal,tv+controle,"Som.tocar(""martelo""): a martelada na bigorna",G02 G13 I1 I5 J1 K4 L2 L4 O4 O5 P1 Q1 Q3 Q5,"godot/estudos/direcao/som/gerar_sons.py kenney ""Impact Sounds/Audio/impactMetal_heavy_004.ogg"" martelo_4 --cru",131,-1.3,"acerto 0,3/0,6/80 ms; pulso de 150 Hz nos atuadores",godot/assets/sons/martelo_4.wav,no jogo
passo_0,sfx,mundo,tv,"Som.tocar(""passo_salao""): o passo no salão (passo_salao)",G06,"godot/estudos/direcao/som/gerar_sons.py kenney ""Impact Sounds/Audio/footstep_concrete_000.ogg"" passo_0 --cru",103,-0.9,,godot/assets/sons/passo_0.wav,no jogo
passo_1,sfx,mundo,tv,"Som.tocar(""passo_salao""): o passo no salão (passo_salao)",G06,"godot/estudos/direcao/som/gerar_sons.py kenney ""Impact Sounds/Audio/footstep_concrete_001.ogg"" passo_1 --cru",105,-1.1,,godot/assets/sons/passo_1.wav,no jogo
passo_2,sfx,mundo,tv,"Som.tocar(""passo_salao""): o passo no salão (passo_salao)",G06,"godot/estudos/direcao/som/gerar_sons.py kenney ""Impact Sounds/Audio/footstep_concrete_002.ogg"" passo_2 --cru",110,-1.0,,godot/assets/sons/passo_2.wav,no jogo
passo_3,sfx,mundo,tv,"Som.tocar(""passo_salao""): o passo no salão (passo_salao)",G06,"godot/estudos/direcao/som/gerar_sons.py kenney ""Impact Sounds/Audio/footstep_concrete_003.ogg"" passo_3 --cru",108,-1.1,,godot/assets/sons/passo_3.wav,no jogo
passo_4,sfx,mundo,tv,"Som.tocar(""passo_salao""): o passo no salão (passo_salao)",G06,"godot/estudos/direcao/som/gerar_sons.py kenney ""Impact Sounds/Audio/footstep_concrete_004.ogg"" passo_4 --cru",111,-1.0,,godot/assets/sons/passo_4.wav,no jogo
pedra_0,sfx,mundo,tv,"Som.tocar(""pedra""): a pedra quebra, o bloco cai",K2 L5 M5 N2 Q4,"godot/estudos/direcao/som/gerar_sons.py kenney ""Impact Sounds/Audio/impactMining_000.ogg"" pedra_0 --cru",937,-1.1,"explosao 1,0/1,0/400 ms",godot/assets/sons/pedra_0.wav,no jogo
pedra_1,sfx,mundo,tv,"Som.tocar(""pedra""): a pedra quebra, o bloco cai",K2 L5 M5 N2 Q4,"godot/estudos/direcao/som/gerar_sons.py kenney ""Impact Sounds/Audio/impactMining_001.ogg"" pedra_1 --cru",869,-1.1,"explosao 1,0/1,0/400 ms",godot/assets/sons/pedra_1.wav,no jogo
pedra_2,sfx,mundo,tv,"Som.tocar(""pedra""): a pedra quebra, o bloco cai",K2 L5 M5 N2 Q4,"godot/estudos/direcao/som/gerar_sons.py kenney ""Impact Sounds/Audio/impactMining_002.ogg"" pedra_2 --cru",805,-1.2,"explosao 1,0/1,0/400 ms",godot/assets/sons/pedra_2.wav,no jogo
pedra_3,sfx,mundo,tv,"Som.tocar(""pedra""): a pedra quebra, o bloco cai",K2 L5 M5 N2 Q4,"godot/estudos/direcao/som/gerar_sons.py kenney ""Impact Sounds/Audio/impactMining_003.ogg"" pedra_3 --cru",992,-1.1,"explosao 1,0/1,0/400 ms",godot/assets/sons/pedra_3.wav,no jogo
pedra_4,sfx,mundo,tv,"Som.tocar(""pedra""): a pedra quebra, o bloco cai",K2 L5 M5 N2 Q4,"godot/estudos/direcao/som/gerar_sons.py kenney ""Impact Sounds/Audio/impactMining_004.ogg"" pedra_4 --cru",830,-0.9,"explosao 1,0/1,0/400 ms",godot/assets/sons/pedra_4.wav,no jogo
placar_0,stinger,interface,tv,"Som.tocar(""placar""): o placar sobe; reserva do JIN_VIRADA",H06,"godot/estudos/direcao/som/gerar_sons.py kenney ""Music Jingles/Audio (Hit)/jingles-hit_16.ogg"" placar_0 --cru",284,-4.0,"acerto 0,3/0,6/80 ms",godot/assets/sons/placar_0.wav,no jogo
ponto_0,sfx,mundo,tv,"Som.tocar(""ponto""): um ponto marcado",Q2,"godot/estudos/direcao/som/gerar_sons.py kenney ""RPG Audio/Audio/handleCoins.ogg"" ponto_0 --cru",846,-0.5,"acerto 0,3/0,6/80 ms",godot/assets/sons/ponto_0.wav,no jogo
ponto_1,sfx,mundo,tv,"Som.tocar(""ponto""): um ponto marcado",Q2,"godot/estudos/direcao/som/gerar_sons.py kenney ""RPG Audio/Audio/handleCoins2.ogg"" ponto_1 --cru",338,-12.2,"acerto 0,3/0,6/80 ms",godot/assets/sons/ponto_1.wav,no jogo
portao_0,sfx,mundo,tv,"Som.tocar(""portao""): o portão abre",I2 I3 K3 O1 O2 O3 O5,"godot/estudos/direcao/som/gerar_sons.py kenney ""RPG Audio/Audio/doorOpen_1.ogg"" portao_0 --cru",919,-0.0,,godot/assets/sons/portao_0.wav,no jogo
pronto_0,ui,interface,tv,"Som.tocar(""pronto""): nenhum hoje: o arquivo existe sem nome em GRAVADOS",,"godot/estudos/direcao/som/gerar_sons.py kenney ""Digital Audio/Audio/threeTone1.ogg"" pronto_0 --cru",849,-1.0,,godot/assets/sons/pronto_0.wav,gerado
recarga_0,sfx,mundo,tv+controle,"Som.tocar(""recarga""): a arma recarrega",M1,"godot/estudos/direcao/som/gerar_sons.py kenney ""RPG Audio/Audio/metalLatch.ogg"" recarga_0 --cru",261,0.0,"pulso de 150 Hz nos atuadores, 40 ms; gatilho Off",godot/assets/sons/recarga_0.wav,no jogo
seleciona_0,ui,interface,tv,"Som.tocar(""seleciona""): selecionar na lista; vai para ui_tique fora do minigame",G06 G11,"godot/estudos/direcao/som/gerar_sons.py kenney ""Interface Sounds/Audio/select_001.ogg"" seleciona_0 --cru",40,-1.1,"toque 0/0,45/60 ms",godot/assets/sons/seleciona_0.wav,no jogo
sino_0,sfx,metal,tv,"Som.tocar(""sino_viga""): o sino da viga (sino_viga)",M5,"godot/estudos/direcao/som/gerar_sons.py kenney ""Impact Sounds/Audio/impactBell_heavy_000.ogg"" sino_0 --cru",1480,-1.1,"explosao 1,0/1,0/400 ms",godot/assets/sons/sino_0.wav,no jogo
sino_1,sfx,metal,tv,"Som.tocar(""sino_viga""): o sino da viga (sino_viga)",M5,"godot/estudos/direcao/som/gerar_sons.py kenney ""Impact Sounds/Audio/impactBell_heavy_001.ogg"" sino_1 --cru",1741,-1.2,"explosao 1,0/1,0/400 ms",godot/assets/sons/sino_1.wav,no jogo
sino_2,sfx,metal,tv,"Som.tocar(""sino_viga""): o sino da viga (sino_viga)",M5,"godot/estudos/direcao/som/gerar_sons.py kenney ""Impact Sounds/Audio/impactBell_heavy_002.ogg"" sino_2 --cru",697,-0.8,"explosao 1,0/1,0/400 ms",godot/assets/sons/sino_2.wav,no jogo
sino_3,sfx,metal,tv,"Som.tocar(""sino_viga""): o sino da viga (sino_viga)",M5,"godot/estudos/direcao/som/gerar_sons.py kenney ""Impact Sounds/Audio/impactBell_heavy_003.ogg"" sino_3 --cru",654,-1.0,"explosao 1,0/1,0/400 ms",godot/assets/sons/sino_3.wav,no jogo
sino_4,sfx,metal,tv,"Som.tocar(""sino_viga""): o sino da viga (sino_viga)",M5,"godot/estudos/direcao/som/gerar_sons.py kenney ""Impact Sounds/Audio/impactBell_heavy_004.ogg"" sino_4 --cru",299,-1.1,"explosao 1,0/1,0/400 ms",godot/assets/sons/sino_4.wav,no jogo
sobe_0,ui,interface,tv,"Som.tocar(""sobe""): o nível sobe, mais rápido",O1 O5 R,"godot/estudos/direcao/som/gerar_sons.py kenney ""Interface Sounds/Audio/maximize_001.ogg"" sobe_0 --cru",258,-1.0,"acerto 0,3/0,6/80 ms",godot/assets/sons/sobe_0.wav,no jogo
sobe_1,ui,interface,tv,"Som.tocar(""sobe""): o nível sobe, mais rápido",O1 O5 R,"godot/estudos/direcao/som/gerar_sons.py kenney ""Interface Sounds/Audio/maximize_002.ogg"" sobe_1 --cru",258,-0.9,"acerto 0,3/0,6/80 ms",godot/assets/sons/sobe_1.wav,no jogo
sobe_2,ui,interface,tv,"Som.tocar(""sobe""): o nível sobe, mais rápido",O1 O5 R,"godot/estudos/direcao/som/gerar_sons.py kenney ""Interface Sounds/Audio/maximize_003.ogg"" sobe_2 --cru",212,-0.8,"acerto 0,3/0,6/80 ms",godot/assets/sons/sobe_2.wav,no jogo
tique_0,ui,interface,tv+controle,"Som.tocar(""tique""): o tique do metrônomo, navegar",G02 H01 H03 H06 I1 J3 J5 K1 K2 K5 L4 M2 M4 Q2,"godot/estudos/direcao/som/gerar_sons.py kenney ""Interface Sounds/Audio/click_001.ogg"" tique_0 --cru",97,-1.4,"toque 0/0,45/60 ms",godot/assets/sons/tique_0.wav,no jogo
tique_1,ui,interface,tv+controle,"Som.tocar(""tique""): o tique do metrônomo, navegar",G02 H01 H03 H06 I1 J3 J5 K1 K2 K5 L4 M2 M4 Q2,"godot/estudos/direcao/som/gerar_sons.py kenney ""Interface Sounds/Audio/click_002.ogg"" tique_1 --cru",12,-0.8,"toque 0/0,45/60 ms",godot/assets/sons/tique_1.wav,no jogo
tique_2,ui,interface,tv+controle,"Som.tocar(""tique""): o tique do metrônomo, navegar",G02 H01 H03 H06 I1 J3 J5 K1 K2 K5 L4 M2 M4 Q2,"godot/estudos/direcao/som/gerar_sons.py kenney ""Interface Sounds/Audio/click_003.ogg"" tique_2 --cru",7,-1.4,"toque 0/0,45/60 ms",godot/assets/sons/tique_2.wav,no jogo
tiro_0,sfx,mundo,tv+controle,"Som.tocar(""tiro""): o disparo",J5 M1 Q1,"godot/estudos/direcao/som/gerar_sons.py kenney ""Digital Audio/Audio/laser1.ogg"" tiro_0 --cru",1100,-0.8,"acerto 0,3/0,6/80 ms; gatilho Arma 2, 6, 8",godot/assets/sons/tiro_0.wav,no jogo
tiro_1,sfx,mundo,tv+controle,"Som.tocar(""tiro""): o disparo",J5 M1 Q1,"godot/estudos/direcao/som/gerar_sons.py kenney ""Digital Audio/Audio/laser2.ogg"" tiro_1 --cru",1091,-0.9,"acerto 0,3/0,6/80 ms; gatilho Arma 2, 6, 8",godot/assets/sons/tiro_1.wav,no jogo
tiro_2,sfx,mundo,tv+controle,"Som.tocar(""tiro""): o disparo",J5 M1 Q1,"godot/estudos/direcao/som/gerar_sons.py kenney ""Digital Audio/Audio/laser3.ogg"" tiro_2 --cru",984,-0.8,"acerto 0,3/0,6/80 ms; gatilho Arma 2, 6, 8",godot/assets/sons/tiro_2.wav,no jogo
tiro_3,sfx,mundo,tv+controle,"Som.tocar(""tiro""): o disparo",J5 M1 Q1,"godot/estudos/direcao/som/gerar_sons.py kenney ""Digital Audio/Audio/laser4.ogg"" tiro_3 --cru",1132,-0.8,"acerto 0,3/0,6/80 ms; gatilho Arma 2, 6, 8",godot/assets/sons/tiro_3.wav,no jogo
tiro_4,sfx,mundo,tv+controle,"Som.tocar(""tiro""): o disparo",J5 M1 Q1,"godot/estudos/direcao/som/gerar_sons.py kenney ""Digital Audio/Audio/laser5.ogg"" tiro_4 --cru",1014,-1.2,"acerto 0,3/0,6/80 ms; gatilho Arma 2, 6, 8",godot/assets/sons/tiro_4.wav,no jogo
transicao_0,sfx,fita,tv,"Som.tocar(""transicao""): o cartão do microjogo, a troca de fase",Q4 Q5 R,"godot/estudos/direcao/som/gerar_sons.py kenney ""Digital Audio/Audio/phaseJump1.ogg"" transicao_0 --cru",467,-4.2,,godot/assets/sons/transicao_0.wav,no jogo
transicao_1,sfx,fita,tv,"Som.tocar(""transicao""): o cartão do microjogo, a troca de fase",Q4 Q5 R,"godot/estudos/direcao/som/gerar_sons.py kenney ""Digital Audio/Audio/phaseJump3.ogg"" transicao_1 --cru",441,-4.1,,godot/assets/sons/transicao_1.wav,no jogo
vazio_0,sfx,mundo,tv,"Som.tocar(""vazio""): sem munição, a armadilha vazia",M1 M5 Q2,"godot/estudos/direcao/som/gerar_sons.py kenney ""RPG Audio/Audio/metalClick.ogg"" vazio_0 --cru",446,-8.1,"toque 0/0,45/60 ms; gatilho Resistência 1, 8",godot/assets/sons/vazio_0.wav,no jogo
vitoria_noite_0,stinger,musica,tv,"Som.tocar(""vitoria_noite""): a vitória do coop, o fim da noite; reserva do JIN_COOP_VITORIA",H06 Q5 R,"godot/estudos/direcao/som/gerar_sons.py kenney ""Music Jingles/Audio (Saxophone)/jingles-saxophone_06.ogg"" vitoria_noite_0 --cru",1740,-10.6,batimento duplo,godot/assets/sons/vitoria_noite_0.wav,no jogo
volta_0,ui,interface,tv,"Som.tocar(""volta""): voltar; vai para ui_volta fora do minigame",G06 G11,"godot/estudos/direcao/som/gerar_sons.py kenney ""Interface Sounds/Audio/back_001.ogg"" volta_0 --cru",61,-1.0,"toque 0/0,45/60 ms",godot/assets/sons/volta_0.wav,no jogo
vitoria_sala_0,stinger,musica,tv,"Som.tocar(""sucesso""): a sala venceu, o objetivo cumprido; reserva do JIN_VITORIA",H06 I1 I3 I4 J4 K1 K3 N3 P5 Q1,"godot/estudos/direcao/som/gerar_sons.py kenney ""Music Jingles/Audio (Retro)/jingles-retro_16.ogg"" vitoria_sala_0 --cru",1758,-5.2,"acerto 0,3/0,6/80 ms",godot/assets/sons/vitoria_sala_0.wav,no jogo
vitoria_sala_1,stinger,musica,tv,"Som.tocar(""sucesso""): a sala venceu, o objetivo cumprido; reserva do JIN_VITORIA",H06 I1 I3 I4 J4 K1 K3 N3 P5 Q1,"godot/estudos/direcao/som/gerar_sons.py kenney ""Music Jingles/Audio (Steeldrum)/jingles-steel_05.ogg"" vitoria_sala_1 --cru",1555,-2.6,"acerto 0,3/0,6/80 ms",godot/assets/sons/vitoria_sala_1.wav,no jogo
sint_bigorna_aguda,sfx,metal,tv,"Som.tocar(""bigorna_aguda""): a bigorna aguda, a peça pronta",P5,"som.gd RECEITAS ""bigorna_aguda"": bigorna 880 Hz, 0,9 s, brilho 0,85, semente 3",900,-1,"acerto 0,3/0,6/80 ms",(módulo),no jogo
sint_bigorna,sfx,metal,tv,"Som.tocar(""bigorna""): a bigorna da forja",G01 I1 K1 P1 P5,"som.gd RECEITAS ""bigorna"": bigorna 440 Hz, 1,2 s, brilho 0,6, semente 5",1200,-1,"acerto 0,3/0,6/80 ms",(módulo),no jogo
sint_sino,sfx,metal,tv,"Som.tocar(""sino""): o sino (sem gravação: sintetizado)",N1 O4,"som.gd RECEITAS ""sino"": bigorna 1318,5 Hz, 2,2 s, brilho 0,9, semente 9",2200,-1,"explosao 1,0/1,0/400 ms",(módulo),no jogo
sint_sopro,ambiente,ambiente,tv,"Som.tocar(""sopro""): o fole, o sopro",I1 I4 J4 K1 K4 L1 L4 N4 P2,"som.gd RECEITAS ""sopro"": sopro 0,7 s, semente 4",700,-1,,(módulo),no jogo
sint_vento,ambiente,ambiente,tv,"Som.tocar(""vento""): o vento",G01 J1 J2 J3 O2 O3 P2 P3 P4,"som.gd RECEITAS ""vento"": sopro 1,4 s, semente 8",1400,-1,,(módulo),no jogo
sint_fogo,ambiente,ambiente,tv,"Som.tocar(""fogo""): o fogo da forja",G06 I4 L4 P2,"som.gd RECEITAS ""fogo"": fogo 4,0 s, semente 6, em laço (Som.laco)",4000,-1,,(módulo),no jogo
sint_nota,sfx,voz,tv,"Som.tocar(""nota""): a nota na TV, o mesmo timbre do controle",H04 H07 H08 K3 N1 Q5,"som.gd RECEITAS ""nota"": bigorna 784 Hz, 0,42 s, brilho 1,1, semente 23",420,-1,"acerto 0,3/0,6/80 ms",(módulo),no jogo
sint_nota_alta,sfx,voz,tv,"Som.tocar(""nota_alta""): a nota alta na TV",,"som.gd RECEITAS ""nota_alta"": bigorna 1174,7 Hz, 0,42 s, brilho 1,2, semente 29",420,-1,"acerto 0,3/0,6/80 ms",(módulo),no jogo
sint_grito,sfx,corpo,tv,"Som.tocar(""grito""): o grito",P1 Q4 Q5,"som.gd RECEITAS ""grito"": grito 0,9 s, semente 31",900,-1,,(módulo),no jogo
sint_martelo,sfx,metal,tv,"Som.tocar(""martelo""): reserva quando martelo_* falta",G02 I1 I5 J1 K4 L2 O4 O5 P1 Q1 Q3 Q5,"som.gd RECEITAS ""martelo"": martelada 196 Hz, semente 2",300,-1,,(módulo),no jogo
sint_tique,ui,interface,tv,"Som.tocar(""tique""): reserva quando tique_* falta",H01 H03 I1 J3 J5 K1 K2 K5 L4 M2 M4 Q2,"som.gd RECEITAS ""tique"": blip 1760 Hz, 0,035 s",35,-1,,(módulo),no jogo
sint_falha,ui,interface,tv,"Som.tocar(""falha""): reserva quando falha_* falta",H04 H07 H08 J1 J2 K3 K5 L1 N3 O3 P2 P5,"som.gd RECEITAS ""falha"": tom 150 Hz, 0,22 s, rampa 0,02",220,-1,,(módulo),no jogo
sint_confirma,ui,interface,tv,"Som.tocar(""confirma""): reserva quando confirma_* falta",H06 K3 L1,"som.gd RECEITAS ""confirma"": acorde 659,25 e 987,77 Hz, espaço 0,06, nota 0,25 s",310,-1,,(módulo),no jogo
sint_sucesso,sfx,musica,tv,"Som.tocar(""sucesso""): reserva quando vitoria_sala_* falta",H06 I1 I3 I4 J4 K1 K3 N3 P5 Q1,"som.gd RECEITAS ""sucesso"": acorde 523,25, 659,25, 783,99, 1046,5 Hz, espaço 0,08, nota 0,45 s",690,-1,,(módulo),no jogo
sint_carimbo,sfx,metal,tv,"Som.tocar(""carimbo""): reserva quando carimbo_* falta",K1 K5 O4 P3,"som.gd RECEITAS ""carimbo"": martelada 294 Hz, semente 7",300,-1,,(módulo),no jogo
sint_trilha,musica,musica,tv,a música de reserva de cada seção enquanto a faixa não existe,H05 H09 H10,"musica.gd FAIXAS: sint_trilha(tônica MIDI, bpm, energia, semente)",0,-6,,(módulo),no jogo
mod_sino,sfx,metal,controle,"Forja.som_falante(l, ""sino""): o sino no alto-falante",H07 H08,"nativo/som/sons_salas.c ""sino"": sint_bigorna 1046,5 Hz, 0,9 s, brilho 1,2, semente 21",900,-3,"toque 0/0,45/60 ms",(módulo),no jogo
mod_pulso,sfx,corpo,controle,"Forja.som_falante(l, ""pulso""): o pulso, o coração",J4 P4,"nativo/som/sons_salas.c ""pulso"": sint_pulso 120 Hz, 0,12 s, 2 batidas, 0,18 s",300,-3,"acerto 0,3/0,6/80 ms",(módulo),no jogo
mod_nota,sfx,voz,controle,"Forja.som_falante(l, ""nota""): a nota no alto-falante",N1 N2 N4 P1 P2 P4 Q5,"nativo/som/sons_salas.c ""nota"": sint_bigorna 784 Hz, 0,42 s, brilho 1,1, semente 23",420,-3,"acerto 0,3/0,6/80 ms",(módulo),no jogo
mod_nota_alta,sfx,voz,controle,"Forja.som_falante(l, ""nota_alta""): a nota alta no alto-falante",N1 N2 N4 N5,"nativo/som/sons_salas.c ""nota_alta"": sint_bigorna 1174,7 Hz, 0,42 s, brilho 1,2, semente 29",420,-3,"acerto 0,3/0,6/80 ms",(módulo),no jogo
mod_grito,sfx,corpo,controle,"Forja.som_falante(l, ""grito""): o grito no alto-falante",O4 P1,"nativo/som/sons_salas.c ""grito"": sint_grito 0,9 s, semente 31",900,-3,,(módulo),no jogo
mod_tropeco,sfx,corpo,controle,"Forja.som_falante(l, ""tropeco""): o tropeço",M3,"nativo/som/sons_salas.c ""tropeco"": sint_pulso 90 Hz, 0,16 s, 1 batida, 0,2 s",200,-3,"erro 0,7/0,3/160 ms",(módulo),no jogo
mod_clique,ui,interface,controle,"Forja.som_falante(l, ""clique""): o clique do toque, da tecla",G09 H07 H08 I3 J1 J2 K1 K3 K4 L2 L3 M2 M5 P3 Q1 Q2 Q5,"nativo/som/sons_salas.c ""clique"": sint_blip 2400 Hz, 0,02 s",20,-3,"toque 0/0,45/60 ms",(módulo),no jogo
mod_pronto,sfx,metal,controle,"Forja.som_falante(l, ""pronto""): o pronto, a carga cheia",N5 P1 P3 Q1 Q3,"nativo/som/sons_salas.c ""pronto"": sint_bigorna 1568 Hz, 0,5 s, brilho 1,3, semente 37",500,-3,"acerto 0,3/0,6/80 ms",(módulo),no jogo
mod_tom,ui,interface,controle,"Forja.som_falante(l, ""tom""): o tom de teste, o fole cheio",I4,"nativo/som/sons_salas.c ""tom"": sint_tom 1000 Hz, 1,0 s",1000,-3,,(módulo),no jogo
mod_coleta,sfx,mundo,controle,"Forja.som_falante(l, ""coleta""): a coleta: um tilintar curto",H07 I1 I2 I3 I5 J3 K2 K4 L5 M2 M3 M4 M5 O1 O2 O3 O5 P5 Q4 R,"nativo/som/sons_salas.c ""coleta"": sint_pulso 2637 Hz, 0,03 s, 2 batidas, 0,06 s (H07)",90,-3,"acerto 0,3/0,6/80 ms",(módulo),a fazer
mod_nota_p1,assinatura,voz,controle,"Forja.som_falante(l, ""nota:0""): a nota do P1 como instrumento (Dó5)",H07 H08 K3 N3 N4 P1 P2 P4 Q5,"nativo/som/sons_salas.c ""nota:0"": sint_bigorna 523,25 Hz, 0,42 s (H07)",420,-3,"acerto 0,3/0,6/80 ms",(módulo),a fazer
mod_nota_quebrada_p1,assinatura,dissonancia,controle,"Forja.som_falante(l, ""nota_quebrada:0""): a vida perdida, a nota do P1 desafinada",H07 H08 O2 P3 R,"nativo/som/sons_salas.c ""nota_quebrada:0"": sint_bigorna 505,41 Hz (×0,9659), 0,42 s (H07)",420,-3,"erro 0,7/0,3/160 ms",(módulo),a fazer
mod_nota_p2,assinatura,voz,controle,"Forja.som_falante(l, ""nota:1""): a nota do P2 como instrumento (Ré5)",H07 H08 K3 N3 N4 P1 P2 P4 Q5,"nativo/som/sons_salas.c ""nota:1"": sint_bigorna 587,33 Hz, 0,42 s (H07)",420,-3,"acerto 0,3/0,6/80 ms",(módulo),a fazer
mod_nota_quebrada_p2,assinatura,dissonancia,controle,"Forja.som_falante(l, ""nota_quebrada:1""): a vida perdida, a nota do P2 desafinada",H07 H08 O2 P3 R,"nativo/som/sons_salas.c ""nota_quebrada:1"": sint_bigorna 567,30 Hz (×0,9659), 0,42 s (H07)",420,-3,"erro 0,7/0,3/160 ms",(módulo),a fazer
mod_nota_p3,assinatura,voz,controle,"Forja.som_falante(l, ""nota:2""): a nota do P3 como instrumento (Fá5)",H07 H08 K3 N3 N4 P1 P2 P4 Q5,"nativo/som/sons_salas.c ""nota:2"": sint_bigorna 698,46 Hz, 0,42 s (H07)",420,-3,"acerto 0,3/0,6/80 ms",(módulo),a fazer
mod_nota_quebrada_p3,assinatura,dissonancia,controle,"Forja.som_falante(l, ""nota_quebrada:2""): a vida perdida, a nota do P3 desafinada",H07 H08 O2 P3 R,"nativo/som/sons_salas.c ""nota_quebrada:2"": sint_bigorna 674,64 Hz (×0,9659), 0,42 s (H07)",420,-3,"erro 0,7/0,3/160 ms",(módulo),a fazer
mod_nota_p4,assinatura,voz,controle,"Forja.som_falante(l, ""nota:3""): a nota do P4 como instrumento (Sol5)",H07 H08 K3 N3 N4 P1 P2 P4 Q5,"nativo/som/sons_salas.c ""nota:3"": sint_bigorna 783,99 Hz, 0,42 s (H07)",420,-3,"acerto 0,3/0,6/80 ms",(módulo),a fazer
mod_nota_quebrada_p4,assinatura,dissonancia,controle,"Forja.som_falante(l, ""nota_quebrada:3""): a vida perdida, a nota do P4 desafinada",H07 H08 O2 P3 R,"nativo/som/sons_salas.c ""nota_quebrada:3"": sint_bigorna 757,26 Hz (×0,9659), 0,42 s (H07)",420,-3,"erro 0,7/0,3/160 ms",(módulo),a fazer
mod_passo_grama_0,sfx,mundo,controle+atuadores,"Forja.som_falante(l, ""passo:0:0""): o passo no chão grama",H07 I2 O1,"nativo/som/sons_salas.c ""passo:0:0"": sint_passo chão 0, semente 100",150,-3,a própria onda nos atuadores,(módulo),no jogo
mod_passo_grama_1,sfx,mundo,controle+atuadores,"Forja.som_falante(l, ""passo:0:1""): o passo no chão grama",H07 I2 O1,"nativo/som/sons_salas.c ""passo:0:1"": sint_passo chão 0, semente 101",150,-3,a própria onda nos atuadores,(módulo),no jogo
mod_passo_grama_2,sfx,mundo,controle+atuadores,"Forja.som_falante(l, ""passo:0:2""): o passo no chão grama",H07 I2 O1,"nativo/som/sons_salas.c ""passo:0:2"": sint_passo chão 0, semente 102",150,-3,a própria onda nos atuadores,(módulo),no jogo
mod_passo_cascalho_0,sfx,mundo,controle+atuadores,"Forja.som_falante(l, ""passo:1:0""): o passo no chão cascalho",H07 I2 O1,"nativo/som/sons_salas.c ""passo:1:0"": sint_passo chão 1, semente 110",150,-3,a própria onda nos atuadores,(módulo),no jogo
mod_passo_cascalho_1,sfx,mundo,controle+atuadores,"Forja.som_falante(l, ""passo:1:1""): o passo no chão cascalho",H07 I2 O1,"nativo/som/sons_salas.c ""passo:1:1"": sint_passo chão 1, semente 111",150,-3,a própria onda nos atuadores,(módulo),no jogo
mod_passo_cascalho_2,sfx,mundo,controle+atuadores,"Forja.som_falante(l, ""passo:1:2""): o passo no chão cascalho",H07 I2 O1,"nativo/som/sons_salas.c ""passo:1:2"": sint_passo chão 1, semente 112",150,-3,a própria onda nos atuadores,(módulo),no jogo
mod_passo_metal_0,sfx,mundo,controle+atuadores,"Forja.som_falante(l, ""passo:2:0""): o passo no chão metal",H07 I2 O1,"nativo/som/sons_salas.c ""passo:2:0"": sint_passo chão 2, semente 120",150,-3,a própria onda nos atuadores,(módulo),no jogo
mod_passo_metal_1,sfx,mundo,controle+atuadores,"Forja.som_falante(l, ""passo:2:1""): o passo no chão metal",H07 I2 O1,"nativo/som/sons_salas.c ""passo:2:1"": sint_passo chão 2, semente 121",150,-3,a própria onda nos atuadores,(módulo),no jogo
mod_passo_metal_2,sfx,mundo,controle+atuadores,"Forja.som_falante(l, ""passo:2:2""): o passo no chão metal",H07 I2 O1,"nativo/som/sons_salas.c ""passo:2:2"": sint_passo chão 2, semente 122",150,-3,a própria onda nos atuadores,(módulo),no jogo
mod_passo_agua_0,sfx,mundo,controle+atuadores,"Forja.som_falante(l, ""passo:3:0""): o passo no chão água",H07 I2 O1,"nativo/som/sons_salas.c ""passo:3:0"": sint_passo chão 3, semente 130",150,-3,a própria onda nos atuadores,(módulo),no jogo
mod_passo_agua_1,sfx,mundo,controle+atuadores,"Forja.som_falante(l, ""passo:3:1""): o passo no chão água",H07 I2 O1,"nativo/som/sons_salas.c ""passo:3:1"": sint_passo chão 3, semente 131",150,-3,a própria onda nos atuadores,(módulo),no jogo
mod_passo_agua_2,sfx,mundo,controle+atuadores,"Forja.som_falante(l, ""passo:3:2""): o passo no chão água",H07 I2 O1,"nativo/som/sons_salas.c ""passo:3:2"": sint_passo chão 3, semente 132",150,-3,a própria onda nos atuadores,(módulo),no jogo
mod_material_metal,sfx,mundo,atuadores,"Forja.tocar_material(l, ""metal"", ...) ou o kit no toque: a textura de metal",H04 H07 H08 I1 I2 I3 I5 J1 J2 J5 K3 K4 L3 L4 L5 M1 M3 M4 N1 N5 O3 O5 P5 Q1 Q2 Q3 Q5 R,"H07 material:metal: pulso curto de 150 Hz, ataque instantâneo, 60 ms",60,-3,a própria onda nos atuadores; nunca com rumble no mesmo instante,(módulo),a fazer
mod_material_pedra,sfx,mundo,atuadores,"Forja.tocar_material(l, ""pedra"", ...) ou o kit no toque: a textura de pedra",H07 K1 L1 N2 N4 O1 O2 O4 P1 P4 Q4,"H07 material:pedra: 80 Hz, 60 ms, decaimento rápido",60,-3,a própria onda nos atuadores; nunca com rumble no mesmo instante,(módulo),a fazer
mod_material_areia,sfx,mundo,atuadores,"Forja.tocar_material(l, ""areia"", ...) ou o kit no toque: a textura de areia",H07 O2,"H07 material:areia: ruído filtrado abaixo de 200 Hz, amplitude baixa, 140 ms",140,-3,a própria onda nos atuadores; nunca com rumble no mesmo instante,(módulo),a fazer
mod_material_gelo,sfx,mundo,atuadores,"Forja.tocar_material(l, ""gelo"", ...) ou o kit no toque: a textura de gelo",H07 J3 K2 P3,"H07 material:gelo: 180 Hz, 20 ms, só um atuador",20,-3,a própria onda nos atuadores; nunca com rumble no mesmo instante,(módulo),a fazer
mod_material_grama,sfx,mundo,atuadores,"Forja.tocar_material(l, ""grama"", ...) ou o kit no toque: a textura de grama",H07 O3,"H07 material:grama: ruído grave de 120 Hz, envelope longo, 220 ms",220,-3,a própria onda nos atuadores; nunca com rumble no mesmo instante,(módulo),a fazer
mod_material_lama,sfx,mundo,atuadores,"Forja.tocar_material(l, ""lama"", ...) ou o kit no toque: a textura de lama",H07 O1 O3,"H07 material:lama: 60 Hz com vibrato de 4 Hz, 280 ms (o plasma é lama)",280,-3,a própria onda nos atuadores; nunca com rumble no mesmo instante,(módulo),a fazer
mod_material_madeira,sfx,mundo,atuadores,"Forja.tocar_material(l, ""madeira"", ...) ou o kit no toque: a textura de madeira",H07 I4 J1 J4 K5 L2 M2 M5 N3 P2,"H07 material:madeira: 110 Hz, duas batidas curtas, 120 ms",120,-3,a própria onda nos atuadores; nunca com rumble no mesmo instante,(módulo),a fazer
ass_p1,assinatura,voz,tv+controle,"a assinatura do P1: Dó5 523,25 Hz no timbre cristal; base da família voz",G02 G04 G13 H07,godot/estudos/direcao/som/gerar_sons.py --so ass_p1 --lugar 1 --fita cheia,400,-12,,godot/estudos/direcao/som/ass_p1.wav,gerado
pio_p1_segunda,assinatura,voz,tv+controle,o controle entra: o pio do P1 com a cabeça de intervalo segunda (+2 semitons),G01 G02 G08 G13 H07 H08,godot/estudos/direcao/som/gerar_sons.py --so pio_p1_segunda --lugar 1 --intervalo segunda --fita cheia,300,-12,"toque 0/0,45/60 ms",godot/estudos/direcao/som/pio_p1_segunda.wav,gerado
pio_p1_terca,assinatura,voz,tv+controle,o controle entra: o pio do P1 com a cabeça de intervalo terca (-4 semitons),G01 G02 G08 G13 H07 H08,godot/estudos/direcao/som/gerar_sons.py --so pio_p1_terca --lugar 1 --intervalo terca --fita cheia,300,-12,"toque 0/0,45/60 ms",godot/estudos/direcao/som/pio_p1_terca.wav,gerado
pio_p1_quarta,assinatura,voz,tv+controle,o controle entra: o pio do P1 com a cabeça de intervalo quarta (+5 semitons),G01 G02 G08 G13 H07 H08,godot/estudos/direcao/som/gerar_sons.py --so pio_p1_quarta --lugar 1 --intervalo quarta --fita cheia,300,-12,"toque 0/0,45/60 ms",godot/estudos/direcao/som/pio_p1_quarta.wav,gerado
pio_p1_quinta,assinatura,voz,tv+controle,o controle entra: o pio do P1 com a cabeça de intervalo quinta (+7 semitons),G01 G02 G08 G13 H07 H08,godot/estudos/direcao/som/gerar_sons.py --so pio_p1_quinta --lugar 1 --intervalo quinta --fita cheia,300,-12,"toque 0/0,45/60 ms",godot/estudos/direcao/som/pio_p1_quinta.wav,gerado
pio_p1_quinta_baixo,assinatura,voz,tv+controle,o controle entra: o pio do P1 com a cabeça de intervalo quinta_baixo (-7 semitons),G01 G02 G08 G13 H07 H08,godot/estudos/direcao/som/gerar_sons.py --so pio_p1_quinta_baixo --lugar 1 --intervalo quinta_baixo --fita cheia,300,-12,"toque 0/0,45/60 ms",godot/estudos/direcao/som/pio_p1_quinta_baixo.wav,gerado
pio_p1_oitava,assinatura,voz,tv+controle,o controle entra: o pio do P1 com a cabeça de intervalo oitava (+12 semitons),G01 G02 G08 G13 H07 H08,godot/estudos/direcao/som/gerar_sons.py --so pio_p1_oitava --lugar 1 --intervalo oitava --fita cheia,300,-12,"toque 0/0,45/60 ms",godot/estudos/direcao/som/pio_p1_oitava.wav,gerado
jul_ressonancia_p1,assinatura,voz,tv+controle,o julgamento Ressonância! (perfeito) do P1; o carimbo do HUD,G04 H02 H04 H07 H08,godot/estudos/direcao/som/gerar_sons.py --so jul_ressonancia_p1 --lugar 1 --fita cheia,180,-12,"perfeito 0,5/0,8/100 ms",godot/estudos/direcao/som/jul_ressonancia_p1.wav,gerado
jul_afinado_p1,assinatura,voz,tv+controle,o julgamento Afinado (ótimo) do P1; o carimbo do HUD,G04 H02 H04 H07 H08,godot/estudos/direcao/som/gerar_sons.py --so jul_afinado_p1 --lugar 1 --fita cheia,150,-12,"acerto 0,3/0,6/80 ms",godot/estudos/direcao/som/jul_afinado_p1.wav,gerado
jul_quase_p1,assinatura,voz,tv+controle,o julgamento Quase (bom) do P1; o carimbo do HUD,G04 H02 H04 H07 H08,godot/estudos/direcao/som/gerar_sons.py --so jul_quase_p1 --lugar 1 --fita cheia,120,-12,"acerto 0,3/0,6/80 ms",godot/estudos/direcao/som/jul_quase_p1.wav,gerado
jul_erro_p1,assinatura,dissonancia,tv+controle,"o julgamento o erro: a nota 60 cents abaixo, 6 bits, wow de 4 Hz do P1; o carimbo do HUD",G04 H02 H04 H07 H08,godot/estudos/direcao/som/gerar_sons.py --so jul_erro_p1 --lugar 1 --fita quebrada,220,-12,"erro 0,7/0,3/160 ms",godot/estudos/direcao/som/jul_erro_p1.wav,gerado
fx_vitoria_p1,stinger,voz,tv+controle,"o P1 venceu: arpejo maior 1-3-5-8 a 120 BPM e o acorde, 1 batida depois do apito",F03 G04 H06,godot/estudos/direcao/som/gerar_sons.py --so fx_vitoria_p1 --lugar 1 --fita cheia,1000,-9,"batimento duplo 1,0/0,6/120 ms, pausa 120 ms, 0,7/0,4/120 ms",godot/estudos/direcao/som/fx_vitoria_p1.wav,gerado
ass_p2,assinatura,voz,tv+controle,"a assinatura do P2: Ré5 587,33 Hz no timbre pulso; base da família voz",G02 G04 G13 H07,godot/estudos/direcao/som/gerar_sons.py --so ass_p2 --lugar 2 --fita cheia,400,-12,,godot/estudos/direcao/som/ass_p2.wav,gerado
pio_p2_segunda,assinatura,voz,tv+controle,o controle entra: o pio do P2 com a cabeça de intervalo segunda (+2 semitons),G01 G02 G08 G13 H07 H08,godot/estudos/direcao/som/gerar_sons.py --so pio_p2_segunda --lugar 2 --intervalo segunda --fita cheia,300,-12,"toque 0/0,45/60 ms",godot/estudos/direcao/som/pio_p2_segunda.wav,gerado
pio_p2_terca,assinatura,voz,tv+controle,o controle entra: o pio do P2 com a cabeça de intervalo terca (-4 semitons),G01 G02 G08 G13 H07 H08,godot/estudos/direcao/som/gerar_sons.py --so pio_p2_terca --lugar 2 --intervalo terca --fita cheia,300,-12,"toque 0/0,45/60 ms",godot/estudos/direcao/som/pio_p2_terca.wav,gerado
pio_p2_quarta,assinatura,voz,tv+controle,o controle entra: o pio do P2 com a cabeça de intervalo quarta (+5 semitons),G01 G02 G08 G13 H07 H08,godot/estudos/direcao/som/gerar_sons.py --so pio_p2_quarta --lugar 2 --intervalo quarta --fita cheia,300,-12,"toque 0/0,45/60 ms",godot/estudos/direcao/som/pio_p2_quarta.wav,gerado
pio_p2_quinta,assinatura,voz,tv+controle,o controle entra: o pio do P2 com a cabeça de intervalo quinta (+7 semitons),G01 G02 G08 G13 H07 H08,godot/estudos/direcao/som/gerar_sons.py --so pio_p2_quinta --lugar 2 --intervalo quinta --fita cheia,300,-12,"toque 0/0,45/60 ms",godot/estudos/direcao/som/pio_p2_quinta.wav,gerado
pio_p2_quinta_baixo,assinatura,voz,tv+controle,o controle entra: o pio do P2 com a cabeça de intervalo quinta_baixo (-7 semitons),G01 G02 G08 G13 H07 H08,godot/estudos/direcao/som/gerar_sons.py --so pio_p2_quinta_baixo --lugar 2 --intervalo quinta_baixo --fita cheia,300,-12,"toque 0/0,45/60 ms",godot/estudos/direcao/som/pio_p2_quinta_baixo.wav,gerado
pio_p2_oitava,assinatura,voz,tv+controle,o controle entra: o pio do P2 com a cabeça de intervalo oitava (+12 semitons),G01 G02 G08 G13 H07 H08,godot/estudos/direcao/som/gerar_sons.py --so pio_p2_oitava --lugar 2 --intervalo oitava --fita cheia,300,-12,"toque 0/0,45/60 ms",godot/estudos/direcao/som/pio_p2_oitava.wav,gerado
jul_ressonancia_p2,assinatura,voz,tv+controle,o julgamento Ressonância! (perfeito) do P2; o carimbo do HUD,G04 H02 H04 H07 H08,godot/estudos/direcao/som/gerar_sons.py --so jul_ressonancia_p2 --lugar 2 --fita cheia,180,-12,"perfeito 0,5/0,8/100 ms",godot/estudos/direcao/som/jul_ressonancia_p2.wav,gerado
jul_afinado_p2,assinatura,voz,tv+controle,o julgamento Afinado (ótimo) do P2; o carimbo do HUD,G04 H02 H04 H07 H08,godot/estudos/direcao/som/gerar_sons.py --so jul_afinado_p2 --lugar 2 --fita cheia,150,-12,"acerto 0,3/0,6/80 ms",godot/estudos/direcao/som/jul_afinado_p2.wav,gerado
jul_quase_p2,assinatura,voz,tv+controle,o julgamento Quase (bom) do P2; o carimbo do HUD,G04 H02 H04 H07 H08,godot/estudos/direcao/som/gerar_sons.py --so jul_quase_p2 --lugar 2 --fita cheia,120,-12,"acerto 0,3/0,6/80 ms",godot/estudos/direcao/som/jul_quase_p2.wav,gerado
jul_erro_p2,assinatura,dissonancia,tv+controle,"o julgamento o erro: a nota 60 cents abaixo, 6 bits, wow de 4 Hz do P2; o carimbo do HUD",G04 H02 H04 H07 H08,godot/estudos/direcao/som/gerar_sons.py --so jul_erro_p2 --lugar 2 --fita quebrada,220,-12,"erro 0,7/0,3/160 ms",godot/estudos/direcao/som/jul_erro_p2.wav,gerado
fx_vitoria_p2,stinger,voz,tv+controle,"o P2 venceu: arpejo maior 1-3-5-8 a 120 BPM e o acorde, 1 batida depois do apito",F03 G04 H06,godot/estudos/direcao/som/gerar_sons.py --so fx_vitoria_p2 --lugar 2 --fita cheia,1000,-9,"batimento duplo 1,0/0,6/120 ms, pausa 120 ms, 0,7/0,4/120 ms",godot/estudos/direcao/som/fx_vitoria_p2.wav,gerado
ass_p3,assinatura,voz,tv+controle,"a assinatura do P3: Fá5 698,46 Hz no timbre faisca; base da família voz",G02 G04 G13 H07,godot/estudos/direcao/som/gerar_sons.py --so ass_p3 --lugar 3 --fita cheia,400,-12,,godot/estudos/direcao/som/ass_p3.wav,gerado
pio_p3_segunda,assinatura,voz,tv+controle,o controle entra: o pio do P3 com a cabeça de intervalo segunda (+2 semitons),G01 G02 G08 G13 H07 H08,godot/estudos/direcao/som/gerar_sons.py --so pio_p3_segunda --lugar 3 --intervalo segunda --fita cheia,300,-12,"toque 0/0,45/60 ms",godot/estudos/direcao/som/pio_p3_segunda.wav,gerado
pio_p3_terca,assinatura,voz,tv+controle,o controle entra: o pio do P3 com a cabeça de intervalo terca (-4 semitons),G01 G02 G08 G13 H07 H08,godot/estudos/direcao/som/gerar_sons.py --so pio_p3_terca --lugar 3 --intervalo terca --fita cheia,300,-12,"toque 0/0,45/60 ms",godot/estudos/direcao/som/pio_p3_terca.wav,gerado
pio_p3_quarta,assinatura,voz,tv+controle,o controle entra: o pio do P3 com a cabeça de intervalo quarta (+5 semitons),G01 G02 G08 G13 H07 H08,godot/estudos/direcao/som/gerar_sons.py --so pio_p3_quarta --lugar 3 --intervalo quarta --fita cheia,300,-12,"toque 0/0,45/60 ms",godot/estudos/direcao/som/pio_p3_quarta.wav,gerado
pio_p3_quinta,assinatura,voz,tv+controle,o controle entra: o pio do P3 com a cabeça de intervalo quinta (+7 semitons),G01 G02 G08 G13 H07 H08,godot/estudos/direcao/som/gerar_sons.py --so pio_p3_quinta --lugar 3 --intervalo quinta --fita cheia,300,-12,"toque 0/0,45/60 ms",godot/estudos/direcao/som/pio_p3_quinta.wav,gerado
pio_p3_quinta_baixo,assinatura,voz,tv+controle,o controle entra: o pio do P3 com a cabeça de intervalo quinta_baixo (-7 semitons),G01 G02 G08 G13 H07 H08,godot/estudos/direcao/som/gerar_sons.py --so pio_p3_quinta_baixo --lugar 3 --intervalo quinta_baixo --fita cheia,300,-12,"toque 0/0,45/60 ms",godot/estudos/direcao/som/pio_p3_quinta_baixo.wav,gerado
pio_p3_oitava,assinatura,voz,tv+controle,o controle entra: o pio do P3 com a cabeça de intervalo oitava (+12 semitons),G01 G02 G08 G13 H07 H08,godot/estudos/direcao/som/gerar_sons.py --so pio_p3_oitava --lugar 3 --intervalo oitava --fita cheia,300,-12,"toque 0/0,45/60 ms",godot/estudos/direcao/som/pio_p3_oitava.wav,gerado
jul_ressonancia_p3,assinatura,voz,tv+controle,o julgamento Ressonância! (perfeito) do P3; o carimbo do HUD,G04 H02 H04 H07 H08,godot/estudos/direcao/som/gerar_sons.py --so jul_ressonancia_p3 --lugar 3 --fita cheia,180,-12,"perfeito 0,5/0,8/100 ms",godot/estudos/direcao/som/jul_ressonancia_p3.wav,gerado
jul_afinado_p3,assinatura,voz,tv+controle,o julgamento Afinado (ótimo) do P3; o carimbo do HUD,G04 H02 H04 H07 H08,godot/estudos/direcao/som/gerar_sons.py --so jul_afinado_p3 --lugar 3 --fita cheia,150,-12,"acerto 0,3/0,6/80 ms",godot/estudos/direcao/som/jul_afinado_p3.wav,gerado
jul_quase_p3,assinatura,voz,tv+controle,o julgamento Quase (bom) do P3; o carimbo do HUD,G04 H02 H04 H07 H08,godot/estudos/direcao/som/gerar_sons.py --so jul_quase_p3 --lugar 3 --fita cheia,120,-12,"acerto 0,3/0,6/80 ms",godot/estudos/direcao/som/jul_quase_p3.wav,gerado
jul_erro_p3,assinatura,dissonancia,tv+controle,"o julgamento o erro: a nota 60 cents abaixo, 6 bits, wow de 4 Hz do P3; o carimbo do HUD",G04 H02 H04 H07 H08,godot/estudos/direcao/som/gerar_sons.py --so jul_erro_p3 --lugar 3 --fita quebrada,220,-12,"erro 0,7/0,3/160 ms",godot/estudos/direcao/som/jul_erro_p3.wav,gerado
fx_vitoria_p3,stinger,voz,tv+controle,"o P3 venceu: arpejo maior 1-3-5-8 a 120 BPM e o acorde, 1 batida depois do apito",F03 G04 H06,godot/estudos/direcao/som/gerar_sons.py --so fx_vitoria_p3 --lugar 3 --fita cheia,1000,-9,"batimento duplo 1,0/0,6/120 ms, pausa 120 ms, 0,7/0,4/120 ms",godot/estudos/direcao/som/fx_vitoria_p3.wav,gerado
ass_p4,assinatura,voz,tv+controle,"a assinatura do P4: Sol5 783,99 Hz no timbre bronze; base da família voz",G02 G04 G13 H07,godot/estudos/direcao/som/gerar_sons.py --so ass_p4 --lugar 4 --fita cheia,400,-12,,godot/estudos/direcao/som/ass_p4.wav,gerado
pio_p4_segunda,assinatura,voz,tv+controle,o controle entra: o pio do P4 com a cabeça de intervalo segunda (+2 semitons),G01 G02 G08 G13 H07 H08,godot/estudos/direcao/som/gerar_sons.py --so pio_p4_segunda --lugar 4 --intervalo segunda --fita cheia,300,-12,"toque 0/0,45/60 ms",godot/estudos/direcao/som/pio_p4_segunda.wav,gerado
pio_p4_terca,assinatura,voz,tv+controle,o controle entra: o pio do P4 com a cabeça de intervalo terca (-4 semitons),G01 G02 G08 G13 H07 H08,godot/estudos/direcao/som/gerar_sons.py --so pio_p4_terca --lugar 4 --intervalo terca --fita cheia,300,-12,"toque 0/0,45/60 ms",godot/estudos/direcao/som/pio_p4_terca.wav,gerado
pio_p4_quarta,assinatura,voz,tv+controle,o controle entra: o pio do P4 com a cabeça de intervalo quarta (+5 semitons),G01 G02 G08 G13 H07 H08,godot/estudos/direcao/som/gerar_sons.py --so pio_p4_quarta --lugar 4 --intervalo quarta --fita cheia,300,-12,"toque 0/0,45/60 ms",godot/estudos/direcao/som/pio_p4_quarta.wav,gerado
pio_p4_quinta,assinatura,voz,tv+controle,o controle entra: o pio do P4 com a cabeça de intervalo quinta (+7 semitons),G01 G02 G08 G13 H07 H08,godot/estudos/direcao/som/gerar_sons.py --so pio_p4_quinta --lugar 4 --intervalo quinta --fita cheia,300,-12,"toque 0/0,45/60 ms",godot/estudos/direcao/som/pio_p4_quinta.wav,gerado
pio_p4_quinta_baixo,assinatura,voz,tv+controle,o controle entra: o pio do P4 com a cabeça de intervalo quinta_baixo (-7 semitons),G01 G02 G08 G13 H07 H08,godot/estudos/direcao/som/gerar_sons.py --so pio_p4_quinta_baixo --lugar 4 --intervalo quinta_baixo --fita cheia,300,-12,"toque 0/0,45/60 ms",godot/estudos/direcao/som/pio_p4_quinta_baixo.wav,gerado
pio_p4_oitava,assinatura,voz,tv+controle,o controle entra: o pio do P4 com a cabeça de intervalo oitava (+12 semitons),G01 G02 G08 G13 H07 H08,godot/estudos/direcao/som/gerar_sons.py --so pio_p4_oitava --lugar 4 --intervalo oitava --fita cheia,300,-12,"toque 0/0,45/60 ms",godot/estudos/direcao/som/pio_p4_oitava.wav,gerado
jul_ressonancia_p4,assinatura,voz,tv+controle,o julgamento Ressonância! (perfeito) do P4; o carimbo do HUD,G04 H02 H04 H07 H08,godot/estudos/direcao/som/gerar_sons.py --so jul_ressonancia_p4 --lugar 4 --fita cheia,180,-12,"perfeito 0,5/0,8/100 ms",godot/estudos/direcao/som/jul_ressonancia_p4.wav,gerado
jul_afinado_p4,assinatura,voz,tv+controle,o julgamento Afinado (ótimo) do P4; o carimbo do HUD,G04 H02 H04 H07 H08,godot/estudos/direcao/som/gerar_sons.py --so jul_afinado_p4 --lugar 4 --fita cheia,150,-12,"acerto 0,3/0,6/80 ms",godot/estudos/direcao/som/jul_afinado_p4.wav,gerado
jul_quase_p4,assinatura,voz,tv+controle,o julgamento Quase (bom) do P4; o carimbo do HUD,G04 H02 H04 H07 H08,godot/estudos/direcao/som/gerar_sons.py --so jul_quase_p4 --lugar 4 --fita cheia,120,-12,"acerto 0,3/0,6/80 ms",godot/estudos/direcao/som/jul_quase_p4.wav,gerado
jul_erro_p4,assinatura,dissonancia,tv+controle,"o julgamento o erro: a nota 60 cents abaixo, 6 bits, wow de 4 Hz do P4; o carimbo do HUD",G04 H02 H04 H07 H08,godot/estudos/direcao/som/gerar_sons.py --so jul_erro_p4 --lugar 4 --fita quebrada,220,-12,"erro 0,7/0,3/160 ms",godot/estudos/direcao/som/jul_erro_p4.wav,gerado
fx_vitoria_p4,stinger,voz,tv+controle,"o P4 venceu: arpejo maior 1-3-5-8 a 120 BPM e o acorde, 1 batida depois do apito",F03 G04 H06,godot/estudos/direcao/som/gerar_sons.py --so fx_vitoria_p4 --lugar 4 --fita cheia,1000,-9,"batimento duplo 1,0/0,6/120 ms, pausa 120 ms, 0,7/0,4/120 ms",godot/estudos/direcao/som/fx_vitoria_p4.wav,gerado
fx_derrota,stinger,dissonancia,tv+controle,"o último colocado: a fita desacelera a 0,25× em 700 ms e o plic aos 900 ms; TV a −6 dB",F03 G04 H06,godot/estudos/direcao/som/gerar_sons.py --so fx_derrota --fita quebrada,1400,-6,"rumble 0,6/0,6 caindo a 0 em 700 ms",godot/estudos/direcao/som/fx_derrota.wav,gerado
fx_play,sfx,fita,tv,o PLAY no título: clunk e motor,G01,godot/estudos/direcao/som/gerar_sons.py --so fx_play --fita cheia,400,-6,"fita 0/0,3/400 ms",godot/estudos/direcao/som/fx_play.wav,gerado
fx_stop,sfx,fita,tv,"a pausa, sair da faixa: clunk e motor parando",G04 G11 H04,godot/estudos/direcao/som/gerar_sons.py --so fx_stop --fita cheia,250,-6,gatilho Off em todos,godot/estudos/direcao/som/fx_stop.wav,gerado
fx_entrada,sfx,fita,tv,"a entrada do minigame: o rasgo e o impacto de 98 Hz em 600 ±5 ms, agendado no tempo 1",G12 H01 H04,godot/estudos/direcao/som/gerar_sons.py --so fx_entrada --fita cheia,900,-6,"golpe 1,0/0,6/250 ms no tempo 1, em todos; gatilho Off",godot/estudos/direcao/som/fx_entrada.wav,gerado
fx_rebobinar,sfx,fita,tv,"repetir a faixa, recomeçar o treino: o guincho e o clunk",G12 H03,godot/estudos/direcao/som/gerar_sons.py --so fx_rebobinar --fita cheia,900,-6,"fita 0/0,3/900 ms",godot/estudos/direcao/som/fx_rebobinar.wav,gerado
fx_virar,sfx,fita,tv,"virar a fita, do lado A para o B",G07 G16 R,godot/estudos/direcao/som/gerar_sons.py --so fx_virar --fita cheia,1600,-6,"fita 0/0,3/1600 ms, em todos",godot/estudos/direcao/som/fx_virar.wav,gerado
fx_autostop,sfx,fita,tv,o fim da fita: o clique do auto-stop,G07 R,godot/estudos/direcao/som/gerar_sons.py --so fx_autostop --fita cheia,200,-6,"toque 0/0,45/60 ms, em todos",godot/estudos/direcao/som/fx_autostop.wav,gerado
fx_caneta,sfx,fita,tv,a caneta escreve na etiqueta: três traços,G02 G07 G12 G13,godot/estudos/direcao/som/gerar_sons.py --so fx_caneta --fita cheia,400,-6,,godot/estudos/direcao/som/fx_caneta.wav,gerado
fx_boing,sfx,corpo,tv,"o cavaleiro quica: seno de 300 a 120 Hz em 250 ms, vibrato de 12 Hz",G08 G13 M3,godot/estudos/direcao/som/gerar_sons.py --so fx_boing --fita cheia,250,-6,"toque 0/0,45/60 ms",godot/estudos/direcao/som/fx_boing.wav,gerado
fx_tropeco_0,sfx,corpo,tv,a falha física na TV: baque de 90 Hz (60 ms) e boing curto de 300 a 120 Hz; substitui falha_*,H04 H07 H08 J1 J2 K3 K5 L1 N3 O3 P2 P5,godot/estudos/direcao/som/gerar_sons.py --so fx_tropeco_0 --semente 0 --fita cheia,350,-6,"erro 0,7/0,3/160 ms",godot/estudos/direcao/som/fx_tropeco_0.wav,gerado
fx_tropeco_1,sfx,corpo,tv,a falha física na TV: baque de 90 Hz (60 ms) e boing curto de 300 a 120 Hz; substitui falha_*,H04 H07 H08 J1 J2 K3 K5 L1 N3 O3 P2 P5,godot/estudos/direcao/som/gerar_sons.py --so fx_tropeco_1 --semente 1 --fita cheia,350,-6,"erro 0,7/0,3/160 ms",godot/estudos/direcao/som/fx_tropeco_1.wav,gerado
fx_tropeco_2,sfx,corpo,tv,a falha física na TV: baque de 90 Hz (60 ms) e boing curto de 300 a 120 Hz; substitui falha_*,H04 H07 H08 J1 J2 K3 K5 L1 N3 O3 P2 P5,godot/estudos/direcao/som/gerar_sons.py --so fx_tropeco_2 --semente 2 --fita cheia,350,-6,"erro 0,7/0,3/160 ms",godot/estudos/direcao/som/fx_tropeco_2.wav,gerado
ui_tique,ui,interface,tv+controle,navegar,G06 G09 G11 G13 G16 H03,godot/estudos/direcao/som/gerar_sons.py --so ui_tique --fita leve,35,-12,"toque 0/0,45/60 ms",godot/estudos/direcao/som/ui_tique.wav,gerado
ui_confirma,ui,interface,tv+controle,✕ confirma,G02 G06 G11 G13 G16,godot/estudos/direcao/som/gerar_sons.py --so ui_confirma --fita leve,90,-12,"toque 0/0,45/60 ms",godot/estudos/direcao/som/ui_confirma.wav,gerado
ui_volta,ui,interface,tv+controle,◯ volta,G02 G06 G11 G13,godot/estudos/direcao/som/gerar_sons.py --so ui_volta --fita leve,90,-12,"toque 0/0,45/60 ms",godot/estudos/direcao/som/ui_volta.wav,gerado
ui_peca,ui,interface,tv+controle,"trocar uma peça: o encaixe de metal; cabeça +7, superior +4, inferior 0, arma ou amuleto −5 semitons pelo pitch_scale",G02 G03 G13,godot/estudos/direcao/som/gerar_sons.py --so ui_peca --fita leve,120,-12,"pulso de 150 Hz nos atuadores, 40 ms",godot/estudos/direcao/som/ui_peca.wav,gerado
ui_trava,ui,interface,tv+controle,□ trava uma parte,G02 G13,godot/estudos/direcao/som/gerar_sons.py --so ui_trava --fita leve,80,-12,"toque 0/0,45/60 ms",godot/estudos/direcao/som/ui_trava.wav,gerado
ui_sorteio,ui,interface,tv+controle,△ sorteia: roleta de 6 tiques que freia,G02 G13,godot/estudos/direcao/som/gerar_sons.py --so ui_sorteio --fita leve,480,-12,"6 toques 0/0,45/30 ms que freiam",godot/estudos/direcao/som/ui_sorteio.wav,gerado
ui_tecla,ui,interface,tv+controle,uma tecla do teclado do nome,G09,godot/estudos/direcao/som/gerar_sons.py --so ui_tecla --fita leve,30,-12,"toque 0/0,45/60 ms",godot/estudos/direcao/som/ui_tecla.wav,gerado
reacao_pop,ui,interface,tv+controle,uma reação: o adesivo cola; −18 dB na TV; some com Reações em Nenhuma,G04 G11 G16,godot/estudos/direcao/som/gerar_sons.py --so reacao_pop --fita leve,120,-12,"toque 0/0,45/60 ms",godot/estudos/direcao/som/reacao_pop.wav,gerado
car_em_chamas,stinger,voz,tv,car_em_chamas: 5 Ressonância! seguidas; sopro de fogo de 300 Hz a 3 kHz e a jul_ressonancia do dono,G04 G07 G16,godot/estudos/direcao/som/gerar_sons.py --so car_em_chamas --lugar 1 --fita leve,600,-9,"acerto 0,3/0,6/80 ms, no dono",godot/estudos/direcao/som/car_em_chamas.wav,gerado
car_por_um_fio,stinger,voz,tv,"car_por_um_fio: venceu por 2 % ou menos; tom de 1 kHz que cai 50 cents e volta, wow de 6 Hz",G04 G07 G16,godot/estudos/direcao/som/gerar_sons.py --so car_por_um_fio --fita leve,700,-9,"acerto 0,3/0,6/80 ms, no dono",godot/estudos/direcao/som/car_por_um_fio.wav,gerado
car_liga,stinger,voz,tv,"car_liga: a peça entra em liga; duas marteladas em quinta, Dó5 e Sol5, 60 ms entre elas",G04 G07 G13 G16,godot/estudos/direcao/som/gerar_sons.py --so car_liga --fita leve,400,-9,"acerto 0,3/0,6/80 ms, no dono",godot/estudos/direcao/som/car_liga.wav,gerado
car_acorde,stinger,voz,tv,car_acorde: os quatro acertam Ressonância! no mesmo tempo 1; o acorde da Forja Dó-Ré-Fá-Sol sobre 98 Hz,G04 G07 G16,godot/estudos/direcao/som/gerar_sons.py --so car_acorde --fita leve,1200,-9,"acerto 0,3/0,6/80 ms, no dono",godot/estudos/direcao/som/car_acorde.wav,gerado
jin_apito,stinger,fita,tv,JIN_APITO: o fim de todo minigame; clunk do STOP e apito de 2093 Hz por 450 ms; a música corta no clunk,F03 H06 K3,godot/estudos/direcao/som/gerar_sons.py --so jin_apito --fita cheia,1000,-6,"pulso 1,0/0/120 ms em todos; gatilho Off em todos",godot/estudos/direcao/som/jin_apito.wav,gerado
jin_virada,stinger,voz,tv,"JIN_VIRADA e car_virada: a fita acelera, a martelada de 98 Hz e o acorde da Forja subindo a 120 BPM",G04 H06,godot/estudos/direcao/som/gerar_sons.py --so jin_virada --fita leve,2000,-9,"acerto 0,3/0,6/80 ms, em quem virou",godot/estudos/direcao/som/jin_virada.wav,gerado
jin_entrada_tique,stinger,metal,tv,"JIN_ENTRADA: a contagem, nos tempos 2, 3 e 4 do compasso antes da faixa; martelada aguda de 1568 Hz",G12 H01 H06,godot/estudos/direcao/som/gerar_sons.py --so jin_entrada_tique --fita cheia,120,-9,"toque 0/0,45/60 ms, em todos",godot/estudos/direcao/som/jin_entrada_tique.wav,gerado
jin_entrada_vai,stinger,metal,tv+controle,"JIN_ENTRADA: o tempo 1 da faixa, o vai; martelada de 98 Hz e o acorde da Forja, junto do impacto do fx_entrada",G12 H01 H06,godot/estudos/direcao/som/gerar_sons.py --so jin_entrada_vai --fita cheia,400,-6,"golpe 1,0/0,6/250 ms, em todos",godot/estudos/direcao/som/jin_entrada_vai.wav,gerado
amb_salao,ambiente,ambiente,tv,"o laço do salão: o fogo, o chiado a −62 dBFS e uma brasa a cada 1,7 s; fecha sem clique",G06,godot/estudos/direcao/som/gerar_sons.py --so amb_salao --laco --fita cheia,8000,-18,,godot/estudos/direcao/som/amb_salao.wav,gerado
mus_s01_j01,musica,musica,tv,"O Martelo de Hefesto, 122 BPM, Fá menor, 150 s; bigorna no contratempo, aquecimento alegre; a seção pede: a bigorna é do jogador: contratempo marcado, tempo forte livre para a martelada",H05 I1,"scripts/gerar_trilha.py gerar MUS_S01_J01 -n 4; scripts/gerar_trilha.py escolher MUS_S01_J01 <k> (bpm 122, tom F minor, 150 s); reserva sint_trilha",150000,-6,,godot/assets/ost/S01/MUS_S01_J01.ogg,a fazer
mus_s01_j02,musica,musica,tv,"Marcha dos Escudeiros, 110 BPM, Mi menor, 150 s; bateria muito clara, muito espaço; a seção pede: a bigorna é do jogador: contratempo marcado, tempo forte livre para a martelada",H05 I2,"scripts/gerar_trilha.py gerar MUS_S01_J02 -n 4; scripts/gerar_trilha.py escolher MUS_S01_J02 <k> (bpm 110, tom E minor, 150 s); reserva sint_trilha",150000,-6,,godot/assets/ost/S01/MUS_S01_J02.ogg,a fazer
mus_s01_j03,musica,musica,tv,"Portões de Néon, 135 BPM, Si menor, 150 s; esteira em semicolcheias, perseguição; a seção pede: a bigorna é do jogador: contratempo marcado, tempo forte livre para a martelada",H05 I3,"scripts/gerar_trilha.py gerar MUS_S01_J03 -n 4; scripts/gerar_trilha.py escolher MUS_S01_J03 <k> (bpm 135, tom B minor, 150 s); reserva sint_trilha",150000,-6,,godot/assets/ost/S01/MUS_S01_J03.ogg,a fazer
mus_s01_j04,musica,musica,tv,"O Fole, 115 BPM, Sol menor, 150 s; notas longas, filtro abrindo; a seção pede: a bigorna é do jogador: contratempo marcado, tempo forte livre para a martelada",H05 I4,"scripts/gerar_trilha.py gerar MUS_S01_J04 -n 4; scripts/gerar_trilha.py escolher MUS_S01_J04 <k> (bpm 115, tom G minor, 150 s); reserva sint_trilha",150000,-6,,godot/assets/ost/S01/MUS_S01_J04.ogg,a fazer
mus_s01_j05,musica,musica,tv,"A Esteira de Escória, 125 BPM, Sol menor, 150 s; fábrica, bigorna e ar comprimido; a seção pede: a bigorna é do jogador: contratempo marcado, tempo forte livre para a martelada",H05 I5,"scripts/gerar_trilha.py gerar MUS_S01_J05 -n 4; scripts/gerar_trilha.py escolher MUS_S01_J05 <k> (bpm 125, tom G minor, 150 s); reserva sint_trilha",150000,-6,,godot/assets/ost/S01/MUS_S01_J05.ogg,a fazer
mus_s02_j06,musica,musica,tv,"A Viga, 115 BPM, Lá menor, 150 s; frio, eco pingue-pongue; a seção pede: pouca percussão aguda, graves longos: o gelo e o vidro por cima",H05 J1,"scripts/gerar_trilha.py gerar MUS_S02_J06 -n 4; scripts/gerar_trilha.py escolher MUS_S02_J06 <k> (bpm 115, tom A minor, 150 s); reserva sint_trilha",150000,-6,,godot/assets/ost/S02/MUS_S02_J06.ogg,a fazer
mus_s02_j07,musica,musica,tv,"Pêndulos do Caos, 130 BPM, Ré menor, 150 s; bolero que cresce em camadas; a seção pede: pouca percussão aguda, graves longos: o gelo e o vidro por cima",H05 J2,"scripts/gerar_trilha.py gerar MUS_S02_J07 -n 4; scripts/gerar_trilha.py escolher MUS_S02_J07 <k> (bpm 130, tom D minor, 150 s); reserva sint_trilha",150000,-6,,godot/assets/ost/S02/MUS_S02_J07.ogg,a fazer
mus_s02_j08,musica,musica,tv,"Patinação de Dados, 128 BPM, Ré menor, 150 s; deslize contínuo, portamento; a seção pede: pouca percussão aguda, graves longos: o gelo e o vidro por cima",H05 J3,"scripts/gerar_trilha.py gerar MUS_S02_J08 -n 4; scripts/gerar_trilha.py escolher MUS_S02_J08 <k> (bpm 128, tom D minor, 150 s); reserva sint_trilha",150000,-6,,godot/assets/ost/S02/MUS_S02_J08.ogg,a fazer
mus_s02_j09,musica,musica,tv,"O Balão dos Foles, 128 BPM, Fá menor, 150 s; nu-disco, baixo slap; a seção pede: pouca percussão aguda, graves longos: o gelo e o vidro por cima",H05 J4,"scripts/gerar_trilha.py gerar MUS_S02_J09 -n 4; scripts/gerar_trilha.py escolher MUS_S02_J09 <k> (bpm 128, tom F minor, 150 s); reserva sint_trilha",150000,-6,,godot/assets/ost/S02/MUS_S02_J09.ogg,a fazer
mus_s02_j10,musica,musica,tv,"Mira Óptica, 115 BPM, Lá menor, 150 s; trap espaçado, foco; a seção pede: pouca percussão aguda, graves longos: o gelo e o vidro por cima",H05 J5,"scripts/gerar_trilha.py gerar MUS_S02_J10 -n 4; scripts/gerar_trilha.py escolher MUS_S02_J10 <k> (bpm 115, tom A minor, 150 s); reserva sint_trilha",150000,-6,,godot/assets/ost/S02/MUS_S02_J10.ogg,a fazer
mus_s03_j11,musica,musica,tv,"O Molde, 122 BPM, Dó menor, 150 s; agudos contra graves, metódico; a seção pede: os tempos 1 e 3 pesados são o carimbo do jogador, sem caixa por cima",H05 K1,"scripts/gerar_trilha.py gerar MUS_S03_J11 -n 4; scripts/gerar_trilha.py escolher MUS_S03_J11 <k> (bpm 122, tom C minor, 150 s); reserva sint_trilha",150000,-6,,godot/assets/ost/S03/MUS_S03_J11.ogg,a fazer
mus_s03_j12,musica,musica,tv,"Quebra-Gelo, 130 BPM, Fá# menor, 150 s; vidro no contratempo; a seção pede: os tempos 1 e 3 pesados são o carimbo do jogador, sem caixa por cima",H05 K2,"scripts/gerar_trilha.py gerar MUS_S03_J12 -n 4; scripts/gerar_trilha.py escolher MUS_S03_J12 <k> (bpm 130, tom F# minor, 150 s); reserva sint_trilha",150000,-6,,godot/assets/ost/S03/MUS_S03_J12.ogg,a fazer
mus_s03_j13,musica,musica,tv,"Hackeando o Terminal, 140 BPM, Sol menor, 150 s; arpejos em fusas, urgência; a seção pede: os tempos 1 e 3 pesados são o carimbo do jogador, sem caixa por cima",H05 K3,"scripts/gerar_trilha.py gerar MUS_S03_J13 -n 4; scripts/gerar_trilha.py escolher MUS_S03_J13 <k> (bpm 140, tom G minor, 150 s); reserva sint_trilha",150000,-6,,godot/assets/ost/S03/MUS_S03_J13.ogg,a fazer
mus_s03_j14,musica,musica,tv,"A Pinça, 118 BPM, Si menor, 150 s; grave sujo, subterrâneo; a seção pede: os tempos 1 e 3 pesados são o carimbo do jogador, sem caixa por cima",H05 K4,"scripts/gerar_trilha.py gerar MUS_S03_J14 -n 4; scripts/gerar_trilha.py escolher MUS_S03_J14 <k> (bpm 118, tom B minor, 150 s); reserva sint_trilha",150000,-6,,godot/assets/ost/S03/MUS_S03_J14.ogg,a fazer
mus_s03_j15,musica,musica,tv,"O Carimbo, 128 BPM, Dó# menor, 150 s; tempos 1 e 3 pesados; a seção pede: os tempos 1 e 3 pesados são o carimbo do jogador, sem caixa por cima",H05 K5,"scripts/gerar_trilha.py gerar MUS_S03_J15 -n 4; scripts/gerar_trilha.py escolher MUS_S03_J15 <k> (bpm 128, tom C# minor, 150 s); reserva sint_trilha",150000,-6,,godot/assets/ost/S03/MUS_S03_J15.ogg,a fazer
mus_s04_j16,musica,musica,tv,"O Cerco, 140 BPM, Dó menor, 150 s; arena, metais sintetizados; a seção pede: arena pesada: os golpes por cima; o Ambiente +3 dB no último terço",H05 L1,"scripts/gerar_trilha.py gerar MUS_S04_J16 -n 4; scripts/gerar_trilha.py escolher MUS_S04_J16 <k> (bpm 140, tom C minor, 150 s); reserva sint_trilha",150000,-6,,godot/assets/ost/S04/MUS_S04_J16.ogg,a fazer
mus_s04_j17,musica,musica,tv,"Fuga do Titã, 145 BPM, Mi menor, 150 s; perseguição colossal, falhas em 7/8; a seção pede: arena pesada: os golpes por cima; o Ambiente +3 dB no último terço",H05 L2,"scripts/gerar_trilha.py gerar MUS_S04_J17 -n 4; scripts/gerar_trilha.py escolher MUS_S04_J17 <k> (bpm 145, tom E minor, 150 s); reserva sint_trilha",150000,-6,,godot/assets/ost/S04/MUS_S04_J17.ogg,a fazer
mus_s04_j18,musica,musica,tv,"Curto-Circuito, 160 BPM, Dó menor, 150 s; sirenes no tempo, pânico; a seção pede: arena pesada: os golpes por cima; o Ambiente +3 dB no último terço",H05 L3,"scripts/gerar_trilha.py gerar MUS_S04_J18 -n 4; scripts/gerar_trilha.py escolher MUS_S04_J18 <k> (bpm 160, tom C minor, 150 s); reserva sint_trilha",150000,-6,,godot/assets/ost/S04/MUS_S04_J18.ogg,a fazer
mus_s04_j19,musica,musica,tv,"Martelos Térmicos, 130 BPM, Ré menor, 150 s; fornalha, distorção; a seção pede: arena pesada: os golpes por cima; o Ambiente +3 dB no último terço",H05 L4,"scripts/gerar_trilha.py gerar MUS_S04_J19 -n 4; scripts/gerar_trilha.py escolher MUS_S04_J19 <k> (bpm 130, tom D minor, 150 s); reserva sint_trilha",150000,-6,,godot/assets/ost/S04/MUS_S04_J19.ogg,a fazer
mus_s04_j20,musica,musica,tv,"A Prensa, 120 BPM, Mi♭ menor, 150 s; impacto no tempo 1, ameaça; a seção pede: arena pesada: os golpes por cima; o Ambiente +3 dB no último terço",H05 L5,"scripts/gerar_trilha.py gerar MUS_S04_J20 -n 4; scripts/gerar_trilha.py escolher MUS_S04_J20 <k> (bpm 120, tom Eb minor, 150 s); reserva sint_trilha",150000,-6,,godot/assets/ost/S04/MUS_S04_J20.ogg,a fazer
mus_s05_j21,musica,musica,tv,"A Galeria, 130 BPM, Ré menor, 150 s; brilho, pingue-pongue de laser; a seção pede: seca, sem cauda de reverberação: o tiro é a percussão",H05 M1,"scripts/gerar_trilha.py gerar MUS_S05_J21 -n 4; scripts/gerar_trilha.py escolher MUS_S05_J21 <k> (bpm 130, tom D minor, 150 s); reserva sint_trilha",150000,-6,,godot/assets/ost/S05/MUS_S05_J21.ogg,a fazer
mus_s05_j22,musica,musica,tv,"Arco de Néon, 135 BPM, Si menor, 150 s; laser como percussão; a seção pede: seca, sem cauda de reverberação: o tiro é a percussão",H05 M2,"scripts/gerar_trilha.py gerar MUS_S05_J22 -n 4; scripts/gerar_trilha.py escolher MUS_S05_J22 <k> (bpm 135, tom B minor, 150 s); reserva sint_trilha",150000,-6,,godot/assets/ost/S05/MUS_S05_J22.ogg,a fazer
mus_s05_j23,musica,musica,tv,"Metralhadora de Feitiços, 155 BPM, Fá menor, 150 s; seco, sem cauda, rajadas; a seção pede: seca, sem cauda de reverberação: o tiro é a percussão",H05 M3,"scripts/gerar_trilha.py gerar MUS_S05_J23 -n 4; scripts/gerar_trilha.py escolher MUS_S05_J23 <k> (bpm 155, tom F minor, 150 s); reserva sint_trilha",150000,-6,,godot/assets/ost/S05/MUS_S05_J23.ogg,a fazer
mus_s05_j24,musica,musica,tv,"Espada de Fita, 142 BPM, Dó# menor, 150 s; arpejos neoclássicos, duelo; a seção pede: seca, sem cauda de reverberação: o tiro é a percussão",H05 M4,"scripts/gerar_trilha.py gerar MUS_S05_J24 -n 4; scripts/gerar_trilha.py escolher MUS_S05_J24 <k> (bpm 142, tom C# minor, 150 s); reserva sint_trilha",150000,-6,,godot/assets/ost/S05/MUS_S05_J24.ogg,a fazer
mus_s05_j25,musica,musica,tv,"A Catapulta, 135 BPM, Lá menor, 150 s; queimada, quebra e explosão; a seção pede: seca, sem cauda de reverberação: o tiro é a percussão",H05 M5,"scripts/gerar_trilha.py gerar MUS_S05_J25 -n 4; scripts/gerar_trilha.py escolher MUS_S05_J25 <k> (bpm 135, tom A minor, 150 s); reserva sint_trilha",150000,-6,,godot/assets/ost/S05/MUS_S05_J25.ogg,a fazer
mus_s06_j26,musica,musica,tv,"O Canto, 110 BPM, Dó menor, 150 s; reverberação de caverna, chamada e resposta; a seção pede: o som é a pergunta: na pista, −12 dB por 1 tempo, volta em 300 ms",H05 N1,"scripts/gerar_trilha.py gerar MUS_S06_J26 -n 4; scripts/gerar_trilha.py escolher MUS_S06_J26 <k> (bpm 110, tom C minor, 150 s); reserva sint_trilha",150000,-6,,godot/assets/ost/S06/MUS_S06_J26.ogg,a fazer
mus_s06_j27,musica,musica,tv,"Eco do Abismo, 135 BPM, Mi♭ menor, 150 s; gelo que racha, silêncios súbitos; a seção pede: o som é a pergunta: na pista, −12 dB por 1 tempo, volta em 300 ms",H05 N2,"scripts/gerar_trilha.py gerar MUS_S06_J27 -n 4; scripts/gerar_trilha.py escolher MUS_S06_J27 <k> (bpm 135, tom Eb minor, 150 s); reserva sint_trilha",150000,-6,,godot/assets/ost/S06/MUS_S06_J27.ogg,a fazer
mus_s06_j28,musica,musica,tv,"Coral dos Quatro, 138 BPM, Fá menor, 150 s; marcha, coro de vocoder; a seção pede: o som é a pergunta: na pista, −12 dB por 1 tempo, volta em 300 ms",H05 N3,"scripts/gerar_trilha.py gerar MUS_S06_J28 -n 4; scripts/gerar_trilha.py escolher MUS_S06_J28 <k> (bpm 138, tom F minor, 150 s); reserva sint_trilha",150000,-6,,godot/assets/ost/S06/MUS_S06_J28.ogg,a fazer
mus_s06_j29,musica,musica,tv,"Código do Dragão, 140 BPM, Mi♭ menor, 150 s; polirritmia 3 contra 4, bumbo reto; a seção pede: o som é a pergunta: na pista, −12 dB por 1 tempo, volta em 300 ms",H05 N4,"scripts/gerar_trilha.py gerar MUS_S06_J29 -n 4; scripts/gerar_trilha.py escolher MUS_S06_J29 <k> (bpm 140, tom Eb minor, 150 s); reserva sint_trilha",150000,-6,,godot/assets/ost/S06/MUS_S06_J29.ogg,a fazer
mus_s06_j30,musica,musica,tv,"Corta-Fio, 125 BPM, Lá menor, 150 s; choques elétricos na percussão; a seção pede: o som é a pergunta: na pista, −12 dB por 1 tempo, volta em 300 ms",H05 N5,"scripts/gerar_trilha.py gerar MUS_S06_J30 -n 4; scripts/gerar_trilha.py escolher MUS_S06_J30 <k> (bpm 125, tom A minor, 150 s); reserva sint_trilha",150000,-6,,godot/assets/ost/S06/MUS_S06_J30.ogg,a fazer
mus_s07_j31,musica,musica,tv,"Os Caminhos, 120 BPM, Sol menor, 150 s; meio-tempo pesado, passos; a seção pede: meio-tempo: os passos caem nas colcheias, o bumbo não pisa neles",H05 O1,"scripts/gerar_trilha.py gerar MUS_S07_J31 -n 4; scripts/gerar_trilha.py escolher MUS_S07_J31 <k> (bpm 120, tom G minor, 150 s); reserva sint_trilha",150000,-6,,godot/assets/ost/S07/MUS_S07_J31.ogg,a fazer
mus_s07_j32,musica,musica,tv,"Neblina de Dados, 100 BPM, Si♭ menor, 150 s; terror, quase sem bateria; a seção pede: meio-tempo: os passos caem nas colcheias, o bumbo não pisa neles",H05 O2,"scripts/gerar_trilha.py gerar MUS_S07_J32 -n 4; scripts/gerar_trilha.py escolher MUS_S07_J32 <k> (bpm 100, tom Bb minor, 150 s); reserva sint_trilha",150000,-6,,godot/assets/ost/S07/MUS_S07_J32.ogg,a fazer
mus_s07_j33,musica,musica,tv,"Passo no Fosso, 150 BPM, Si menor, 150 s; breakbeat, corrida; a seção pede: meio-tempo: os passos caem nas colcheias, o bumbo não pisa neles",H05 O3,"scripts/gerar_trilha.py gerar MUS_S07_J33 -n 4; scripts/gerar_trilha.py escolher MUS_S07_J33 <k> (bpm 150, tom B minor, 150 s); reserva sint_trilha",150000,-6,,godot/assets/ost/S07/MUS_S07_J33.ogg,a fazer
mus_s07_j34,musica,musica,tv,"Fuga do Mecha Cego, 140 BPM, Mi menor, 150 s; chefe, coro de sintetizador; a seção pede: meio-tempo: os passos caem nas colcheias, o bumbo não pisa neles",H05 O4,"scripts/gerar_trilha.py gerar MUS_S07_J34 -n 4; scripts/gerar_trilha.py escolher MUS_S07_J34 <k> (bpm 140, tom E minor, 150 s); reserva sint_trilha",150000,-6,,godot/assets/ost/S07/MUS_S07_J34.ogg,a fazer
mus_s07_j35,musica,musica,tv,"Engrenagens Sincopadas, 130 BPM, Mi menor, 150 s; máquina engasgando, bumbo firme; a seção pede: meio-tempo: os passos caem nas colcheias, o bumbo não pisa neles",H05 O5,"scripts/gerar_trilha.py gerar MUS_S07_J35 -n 4; scripts/gerar_trilha.py escolher MUS_S07_J35 <k> (bpm 130, tom E minor, 150 s); reserva sint_trilha",150000,-6,,godot/assets/ost/S07/MUS_S07_J35.ogg,a fazer
mus_s08_j36,musica,musica,tv,"A Voz, 105 BPM, Ré menor, 150 s; respiração, espaço para a voz; a seção pede: o microfone ouve a sala: −12 dB enquanto ele escuta",H05 P1,"scripts/gerar_trilha.py gerar MUS_S08_J36 -n 4; scripts/gerar_trilha.py escolher MUS_S08_J36 <k> (bpm 105, tom D minor, 150 s); reserva sint_trilha",150000,-6,,godot/assets/ost/S08/MUS_S08_J36.ogg,a fazer
mus_s08_j37,musica,musica,tv,"O Sopro no Fole, 112 BPM, Sol menor, 150 s; notas longas que param em seco; a seção pede: o microfone ouve a sala: −12 dB enquanto ele escuta",H05 P2,"scripts/gerar_trilha.py gerar MUS_S08_J37 -n 4; scripts/gerar_trilha.py escolher MUS_S08_J37 <k> (bpm 112, tom G minor, 150 s); reserva sint_trilha",150000,-6,,godot/assets/ost/S08/MUS_S08_J37.ogg,a fazer
mus_s08_j38,musica,musica,tv,"Zero Absoluto, 120 BPM, Dó menor, 150 s; para por quatro tempos e volta; a seção pede: o microfone ouve a sala: −12 dB enquanto ele escuta",H05 P3,"scripts/gerar_trilha.py gerar MUS_S08_J38 -n 4; scripts/gerar_trilha.py escolher MUS_S08_J38 <k> (bpm 120, tom C minor, 150 s); reserva sint_trilha",150000,-6,,godot/assets/ost/S08/MUS_S08_J38.ogg,a fazer
mus_s08_j39,musica,musica,tv,"Grito de Guerra, 135 BPM, Si menor, 150 s; serra agressiva, silêncio de um compasso; a seção pede: o microfone ouve a sala: −12 dB enquanto ele escuta",H05 P4,"scripts/gerar_trilha.py gerar MUS_S08_J39 -n 4; scripts/gerar_trilha.py escolher MUS_S08_J39 <k> (bpm 135, tom B minor, 150 s); reserva sint_trilha",150000,-6,,godot/assets/ost/S08/MUS_S08_J39.ogg,a fazer
mus_s08_j40,musica,musica,tv,"Palmas da Forja, 118 BPM, Lá menor, 150 s; palmas no dois e no quatro, festa; a seção pede: o microfone ouve a sala: −12 dB enquanto ele escuta",H05 P5,"scripts/gerar_trilha.py gerar MUS_S08_J40 -n 4; scripts/gerar_trilha.py escolher MUS_S08_J40 <k> (bpm 118, tom A minor, 150 s); reserva sint_trilha",150000,-6,,godot/assets/ost/S08/MUS_S08_J40.ogg,a fazer
mus_s09_j41,musica,musica,tv,"A Prova, 145 BPM, Mi menor, 150 s; estádio, solos; a seção pede: estádio: tudo junto, a torcida no Ambiente, o perfeito ainda −2 dB",H05 Q1,"scripts/gerar_trilha.py gerar MUS_S09_J41 -n 4; scripts/gerar_trilha.py escolher MUS_S09_J41 <k> (bpm 145, tom E minor, 150 s); reserva sint_trilha",150000,-6,,godot/assets/ost/S09/MUS_S09_J41.ogg,a fazer
mus_s09_j42,musica,musica,tv,"Roubo de Bateria, 138 BPM, Sol menor, 150 s; espionagem acelerada; a seção pede: estádio: tudo junto, a torcida no Ambiente, o perfeito ainda −2 dB",H05 Q2,"scripts/gerar_trilha.py gerar MUS_S09_J42 -n 4; scripts/gerar_trilha.py escolher MUS_S09_J42 <k> (bpm 138, tom G minor, 150 s); reserva sint_trilha",150000,-6,,godot/assets/ost/S09/MUS_S09_J42.ogg,a fazer
mus_s09_j43,musica,musica,tv,"Mecha de Dois Pilotos, 145 BPM, Sol menor, 150 s; de grave pesado a cristal, ""ACCESS DENIED""; a seção pede: estádio: tudo junto, a torcida no Ambiente, o perfeito ainda −2 dB",H05 Q3,"scripts/gerar_trilha.py gerar MUS_S09_J43 -n 4; scripts/gerar_trilha.py escolher MUS_S09_J43 <k> (bpm 145, tom G minor, 150 s); reserva sint_trilha",150000,-6,,godot/assets/ost/S09/MUS_S09_J43.ogg,a fazer
mus_s09_j44,musica,musica,tv,"Ruge o Reator, 120 BPM, Ré menor, 150 s; órgão sintetizado, marcha pesada; a seção pede: estádio: tudo junto, a torcida no Ambiente, o perfeito ainda −2 dB",H05 Q4,"scripts/gerar_trilha.py gerar MUS_S09_J44 -n 4; scripts/gerar_trilha.py escolher MUS_S09_J44 <k> (bpm 120, tom D minor, 150 s); reserva sint_trilha",150000,-6,,godot/assets/ost/S09/MUS_S09_J44.ogg,a fazer
mus_s09_j45,musica,musica,tv,"O Último Acorde, 150 BPM, Mi menor, 150 s; coro heroico, solo, triunfo; a seção pede: estádio: tudo junto, a torcida no Ambiente, o perfeito ainda −2 dB",H05 Q5,"scripts/gerar_trilha.py gerar MUS_S09_J45 -n 4; scripts/gerar_trilha.py escolher MUS_S09_J45 <k> (bpm 150, tom E minor, 150 s); reserva sint_trilha",150000,-6,,godot/assets/ost/S09/MUS_S09_J45.ogg,a fazer
mus_titulo,musica,musica,tv,"o título e a introdução; 115 BPM, Dó menor, 150 s",G01 H05,"scripts/gerar_trilha.py gerar MUS_TELA_TITULO -n 4; scripts/gerar_trilha.py escolher MUS_TELA_TITULO <k> (bpm 115, tom C minor); reserva sint_trilha",150000,-6,,godot/assets/ost/telas/MUS_TELA_TITULO.ogg,a fazer
mus_construcao,musica,musica,tv,"a construção do cavaleiro e o lobby; 120 BPM, Lá menor, 150 s",G02 H05,"scripts/gerar_trilha.py gerar MUS_TELA_CONSTRUCAO -n 4; scripts/gerar_trilha.py escolher MUS_TELA_CONSTRUCAO <k> (bpm 120, tom A minor); reserva sint_trilha",150000,-6,,godot/assets/ost/telas/MUS_TELA_CONSTRUCAO.ogg,a fazer
mus_salao,musica,musica,tv,"o salão: a harmonia do título sem bateria, para o amb_salao respirar; 110 BPM, Dó menor, 150 s",G06 H05,"scripts/gerar_trilha.py gerar MUS_TELA_SALAO -n 4; scripts/gerar_trilha.py escolher MUS_TELA_SALAO <k> (bpm 110, tom C minor); reserva sint_trilha",150000,-6,,godot/assets/ost/telas/MUS_TELA_SALAO.ogg,a fazer
mus_podio,musica,musica,tv,"o pódio: o tema do título em maior; 130 BPM, Dó maior, 150 s",G04 H05 H06,"scripts/gerar_trilha.py gerar MUS_TELA_PODIO -n 4; scripts/gerar_trilha.py escolher MUS_TELA_PODIO <k> (bpm 130, tom C major); reserva sint_trilha",150000,-6,,godot/assets/ost/telas/MUS_TELA_PODIO.ogg,a fazer
mus_creditos,musica,musica,tv,"os créditos, depois do fade para FITA; 90 BPM, Lá menor, 180 s",G07 H05,"scripts/gerar_trilha.py gerar MUS_TELA_CREDITOS -n 4; scripts/gerar_trilha.py escolher MUS_TELA_CREDITOS <k> (bpm 90, tom A minor); reserva sint_trilha",180000,-6,,godot/assets/ost/telas/MUS_TELA_CREDITOS.ogg,a fazer
mus_relampago,musica,musica,tv,"o Relâmpago: os microjogos em sequência; 160 BPM, Dó menor, 120 s",H05 R,"scripts/gerar_trilha.py gerar MUS_RELAMPAGO -n 4; scripts/gerar_trilha.py escolher MUS_RELAMPAGO <k> (bpm 160, tom C minor); reserva sint_trilha",120000,-6,,godot/assets/ost/telas/MUS_RELAMPAGO.ogg,a fazer
jin_vitoria,stinger,musica,tv,"JIN_VITORIA: o resultado com um vencedor, depois do fx_vitoria_p{n}; 130 BPM, Mi menor, 10 s, corte em 7 s no fim do compasso",F03 H05 H06,"scripts/gerar_trilha.py gerar JIN_VITORIA -n 4; scripts/gerar_trilha.py escolher JIN_VITORIA <k> (bpm 130, tom E minor, corte 7 s); parada seca, sem fade",7000,-6,batimento duplo no vencedor,godot/assets/ost/jingles/JIN_VITORIA.ogg,a fazer
jin_derrota,stinger,musica,tv,"JIN_DERROTA: o coop em que ninguém venceu; 90 BPM, Dó menor, 10 s, corte em 5 s no fim do compasso",F03 H05 H06,"scripts/gerar_trilha.py gerar JIN_DERROTA -n 4; scripts/gerar_trilha.py escolher JIN_DERROTA <k> (bpm 90, tom C minor, corte 5 s); parada seca, sem fade",5000,-6,,godot/assets/ost/jingles/JIN_DERROTA.ogg,a fazer
jin_empate,stinger,musica,tv,"JIN_EMPATE: o empate; 110 BPM, Lá menor, 10 s, corte em 5 s no fim do compasso",F03 H05 H06,"scripts/gerar_trilha.py gerar JIN_EMPATE -n 4; scripts/gerar_trilha.py escolher JIN_EMPATE <k> (bpm 110, tom A minor, corte 5 s); parada seca, sem fade",5000,-6,,godot/assets/ost/jingles/JIN_EMPATE.ogg,a fazer
jin_recorde,stinger,musica,tv,"JIN_RECORDE: um recorde da noite; 140 BPM, Sol maior, 10 s, corte em 3 s no fim do compasso",G06 H05 H06,"scripts/gerar_trilha.py gerar JIN_RECORDE -n 4; scripts/gerar_trilha.py escolher JIN_RECORDE <k> (bpm 140, tom G major, corte 3 s); parada seca, sem fade",3000,-6,,godot/assets/ost/jingles/JIN_RECORDE.ogg,a fazer
jin_coop_vitoria,stinger,musica,tv,"JIN_COOP_VITORIA: o coop em que todos vencem; 5 a 8 s, parada seca; até a faixa existir, vitoria_noite_0",F03 H05 H06,"scripts/gerar_trilha.py gerar JIN_COOP_VITORIA -n 4 (prompt a escrever no trilha_prompts.json: 130 BPM, Dó maior, corte 7 s); scripts/gerar_trilha.py escolher JIN_COOP_VITORIA <k>",7000,-6,batimento duplo em todos,godot/assets/ost/jingles/JIN_COOP_VITORIA.ogg,a fazer
