texto,fundo,razao,uso,tamanho_min_px
ETIQUETA,CASCO,14.53,texto,0
ETIQUETA,FITA,15.48,texto,0
ETIQUETA,CASCO_ALTO,12.93,texto,0
ETIQUETA,JANELA,16.02,texto,0
ETIQUETA,OXIDO,10.78,texto,0
ETIQUETA,VIOLETA_FUNDO,13.56,texto,0
ETIQUETA_SOMBRA,CASCO,10.39,texto,0
MUDO,CASCO,4.56,texto,0
MUDO,FITA,4.86,texto,0
MUDO,CASCO_ALTO,4.06,texto,48
JOGADOR[0],CASCO,12.13,texto,0
JOGADOR[1],CASCO,5.67,texto,0
JOGADOR[2],CASCO,15.93,texto,0
JOGADOR[3],CASCO,8.12,texto,0
JOGADOR[0],FITA,12.92,texto,0
JOGADOR[1],FITA,6.05,texto,0
JOGADOR[2],FITA,16.98,texto,0
JOGADOR[3],FITA,8.65,texto,0
SECAO[3],CASCO,7.07,texto,0
SECAO[2],CASCO,4.37,texto,48
SECAO[0],CASCO,3.76,texto,48
SECAO[1],CASCO,2.82,nunca,0
SECAO[4],CASCO,2.81,nunca,0
GRAFITE,CASCO,1.52,estrutura,0
VIOLETA,CASCO,2.15,nunca,0
TINTA,ETIQUETA,13.93,texto,0
TINTA_SUAVE,ETIQUETA,6.05,texto,0
TINTA,ETIQUETA_SOMBRA,9.96,texto,0
TINTA_SUAVE,ETIQUETA_SOMBRA,4.33,texto,48
VIOLETA,ETIQUETA,6.74,texto,0
SECAO[4],ETIQUETA,5.17,texto,0
SECAO[1],ETIQUETA,5.16,texto,0
SECAO[0],ETIQUETA,3.86,texto,48
SECAO[2],ETIQUETA,3.32,texto,48
SECAO[3],ETIQUETA,2.05,nunca,0
JOGADOR[0],ETIQUETA,1.20,nunca,0
JOGADOR[1],ETIQUETA,2.56,nunca,0
JOGADOR[2],ETIQUETA,1.10,nunca,0
JOGADOR[3],ETIQUETA,1.79,nunca,0
TINTA,JOGADOR[0],11.62,texto,0
TINTA,JOGADOR[1],5.44,texto,0
TINTA,JOGADOR[2],15.27,texto,0
TINTA,JOGADOR[3],7.78,texto,0
FITA,JOGADOR[0],12.92,texto,0
FITA,JOGADOR[1],6.05,texto,0
FITA,JOGADOR[2],16.98,texto,0
FITA,JOGADOR[3],8.65,texto,0
TINTA,SECAO[3],6.78,texto,0
TINTA,SECAO[2],4.19,texto,48
ETIQUETA,SECAO[1],5.16,texto,0
ETIQUETA,SECAO[4],5.17,texto,0
ETIQUETA,SECAO[0],3.86,texto,48
ETIQUETA,VIOLETA,6.74,texto,0
ETIQUETA,JOGADOR[1],2.56,nunca,0
