parte,personagem,l_mediana,l_pele,croma_mediana,croma_max,de_p1,de_p2,de_p3,de_p4,acento_pct
cabeca,female-a,0.383,0.520,0.018,0.085,0.376,0.232,0.443,0.226,0.00
cabeca,female-b,0.658,0.658,0.090,0.094,0.217,0.193,0.261,0.100,0.00
cabeca,female-c,0.563,0.637,0.036,0.095,0.279,0.193,0.318,0.101,0.00
cabeca,female-d,0.658,0.658,0.089,0.094,0.138,0.193,0.234,0.100,0.00
cabeca,female-e,0.375,0.720,0.017,0.076,0.217,0.208,0.261,0.100,0.00
cabeca,female-f,0.543,0.543,0.071,0.099,0.217,0.193,0.261,0.100,0.00
cabeca,male-a,0.495,0.520,0.024,0.085,0.138,0.232,0.219,0.182,0.00
cabeca,male-b,0.694,0.694,0.071,0.094,0.163,0.193,0.261,0.100,0.00
cabeca,male-c,0.637,0.678,0.076,0.098,0.211,0.193,0.219,0.085,0.00
cabeca,male-d,0.668,0.668,0.076,0.094,0.217,0.193,0.261,0.100,0.00
cabeca,male-e,0.656,0.656,0.066,0.083,0.138,0.208,0.219,0.100,0.00
cabeca,male-f,0.571,0.637,0.088,0.095,0.279,0.193,0.318,0.101,0.00
superior,female-a,0.530,0.526,0.078,0.098,0.301,0.194,0.350,0.129,3.22
superior,female-b,0.561,0.720,0.079,0.097,0.206,0.208,0.244,0.100,5.19
superior,female-c,0.533,0.630,0.078,0.096,0.272,0.193,0.308,0.094,3.52
superior,female-d,0.526,0.680,0.021,0.078,0.217,0.208,0.261,0.100,3.25
superior,female-e,0.562,0.607,0.015,0.093,0.301,0.194,0.350,0.129,2.90
superior,female-f,0.551,0.706,0.061,0.089,0.206,0.208,0.244,0.100,3.16
superior,male-a,0.532,0.520,0.068,0.093,0.301,0.194,0.350,0.129,4.93
superior,male-b,0.538,0.680,0.092,0.099,0.206,0.194,0.244,0.100,5.37
superior,male-c,0.530,0.680,0.071,0.089,0.217,0.208,0.261,0.100,1.39
superior,male-d,0.501,0.680,0.008,0.099,0.217,0.208,0.261,0.100,4.86
superior,male-e,0.562,,0.009,0.083,0.309,0.263,0.408,0.209,4.16
superior,male-f,0.593,0.658,0.068,0.094,0.217,0.193,0.261,0.101,0.78
inferior,female-a,0.300,0.706,0.055,0.073,0.242,0.208,0.291,0.102,1.36
inferior,female-b,0.296,,0.070,0.071,0.522,0.412,0.628,0.439,1.36
inferior,female-c,0.342,0.647,0.015,0.092,0.242,0.196,0.291,0.102,1.87
inferior,female-d,0.294,,0.015,0.016,0.566,0.450,0.675,0.485,0.65
inferior,female-e,0.270,,0.005,0.020,0.522,0.412,0.628,0.439,1.23
inferior,female-f,0.299,,0.055,0.071,0.522,0.412,0.628,0.439,1.24
inferior,male-a,0.331,0.515,0.058,0.072,0.392,0.255,0.468,0.255,2.34
inferior,male-b,0.300,0.647,0.055,0.092,0.242,0.196,0.291,0.102,0.92
inferior,male-c,0.270,,0.005,0.015,0.567,0.452,0.675,0.486,0.80
inferior,male-d,0.269,,0.004,0.007,0.595,0.476,0.700,0.510,0.65
inferior,male-e,0.332,,0.015,0.061,0.519,0.410,0.624,0.429,0.80
inferior,male-f,0.694,0.694,0.071,0.092,0.236,0.196,0.285,0.101,0.80
