raca,pose,tempo,superior,sup_px,aparece_pct,aparece_total_pct
humana,idle,0.5,female-a,20578,100.0,99.7
humana,idle,0.5,female-b,15550,100.0,100.0
humana,idle,0.5,female-c,16278,100.0,100.0
humana,idle,0.5,female-d,17014,100.0,100.0
humana,idle,0.5,female-e,16000,100.0,100.0
humana,idle,0.5,female-f,16720,93.9,93.7
humana,idle,0.5,male-a,15166,100.0,99.2
humana,idle,0.5,male-b,15550,83.6,83.6
humana,idle,0.5,male-c,15871,100.0,99.7
humana,idle,0.5,male-d,15736,100.0,100.0
humana,idle,0.5,male-e,15766,98.6,98.6
humana,idle,0.5,male-f,16214,98.7,98.7
humana,holding-right,0.5,female-a,18157,99.7,99.5
humana,holding-right,0.5,female-b,13624,99.6,99.6
humana,holding-right,0.5,female-c,15023,97.8,97.7
humana,holding-right,0.5,female-d,15233,99.6,99.6
humana,holding-right,0.5,female-e,14036,99.6,99.6
humana,holding-right,0.5,female-f,15035,91.7,91.5
humana,holding-right,0.5,male-a,13355,98.3,97.7
humana,holding-right,0.5,male-b,13672,80.9,80.9
humana,holding-right,0.5,male-c,14584,97.7,97.6
humana,holding-right,0.5,male-d,13704,99.6,99.6
humana,holding-right,0.5,male-e,13837,98.4,98.4
humana,holding-right,0.5,male-f,14507,98.8,98.8
humana,holding-left,0.5,female-a,18157,99.7,99.5
humana,holding-left,0.5,female-b,13624,99.6,99.6
humana,holding-left,0.5,female-c,15023,97.8,97.7
humana,holding-left,0.5,female-d,15233,99.6,99.6
humana,holding-left,0.5,female-e,14036,99.6,99.6
humana,holding-left,0.5,female-f,14731,91.8,91.7
humana,holding-left,0.5,male-a,13355,98.3,97.7
humana,holding-left,0.5,male-b,13672,80.9,80.9
humana,holding-left,0.5,male-c,14309,98.0,97.8
humana,holding-left,0.5,male-d,13704,99.6,99.6
humana,holding-left,0.5,male-e,13837,98.4,98.4
humana,holding-left,0.5,male-f,14507,98.8,98.8
humana,emote-yes,0.2,female-a,21178,100.0,98.6
humana,emote-yes,0.2,female-b,16098,100.0,98.9
humana,emote-yes,0.2,female-c,16900,100.0,97.7
humana,emote-yes,0.2,female-d,17834,100.0,97.3
humana,emote-yes,0.2,female-e,16076,100.0,100.0
humana,emote-yes,0.2,female-f,16870,97.6,96.4
humana,emote-yes,0.2,male-a,15752,100.0,97.8
humana,emote-yes,0.2,male-b,16180,92.4,91.1
humana,emote-yes,0.2,male-c,16318,100.0,98.4
humana,emote-yes,0.2,male-d,16282,100.0,99.0
humana,emote-yes,0.2,male-e,16396,100.0,98.7
humana,emote-yes,0.2,male-f,16836,100.0,98.4
humana,emote-yes,0.4,female-a,20934,100.0,99.1
humana,emote-yes,0.4,female-b,15932,100.0,99.3
humana,emote-yes,0.4,female-c,16590,100.0,98.8
humana,emote-yes,0.4,female-d,17526,100.0,98.4
humana,emote-yes,0.4,female-e,16134,100.0,100.0
humana,emote-yes,0.4,female-f,16813,96.0,95.3
humana,emote-yes,0.4,male-a,15500,100.0,98.4
humana,emote-yes,0.4,male-b,15932,88.5,87.9
humana,emote-yes,0.4,male-c,16074,100.0,99.1
humana,emote-yes,0.4,male-d,16116,100.0,99.3
humana,emote-yes,0.4,male-e,16112,100.0,99.3
humana,emote-yes,0.4,male-f,16506,100.0,99.2
humana,emote-yes,0.6,female-a,20912,95.5,95.3
humana,emote-yes,0.6,female-b,15878,94.1,94.1
humana,emote-yes,0.6,female-c,16582,94.3,94.3
humana,emote-yes,0.6,female-d,17476,94.6,94.6
humana,emote-yes,0.6,female-e,16404,94.2,94.2
humana,emote-yes,0.6,female-f,17055,88.1,87.9
humana,emote-yes,0.6,male-a,15448,93.8,93.1
humana,emote-yes,0.6,male-b,15878,72.5,72.5
humana,emote-yes,0.6,male-c,16161,94.1,93.9
humana,emote-yes,0.6,male-d,16066,94.1,94.1
humana,emote-yes,0.6,male-e,16058,93.0,93.0
humana,emote-yes,0.6,male-f,16518,93.2,93.2
humana,emote-yes,0.8,female-a,21152,91.9,91.9
humana,emote-yes,0.8,female-b,16092,89.4,89.4
humana,emote-yes,0.8,female-c,16950,89.9,89.9
humana,emote-yes,0.8,female-d,17828,90.4,90.4
humana,emote-yes,0.8,female-e,16684,89.8,89.8
humana,emote-yes,0.8,female-f,17419,83.3,83.2
humana,emote-yes,0.8,male-a,15770,89.1,88.6
humana,emote-yes,0.8,male-b,16174,64.6,64.6
humana,emote-yes,0.8,male-c,16478,89.6,89.4
humana,emote-yes,0.8,male-d,16276,89.5,89.5
humana,emote-yes,0.8,male-e,16390,88.3,88.3
humana,emote-yes,0.8,male-f,16860,88.6,88.6
humana,interact-right,0.5,female-a,20670,95.7,95.1
humana,interact-right,0.5,female-b,15964,94.4,93.9
humana,interact-right,0.5,female-c,17629,94.8,94.8
humana,interact-right,0.5,female-d,18056,95.1,95.1
humana,interact-right,0.5,female-e,16552,93.2,92.9
humana,interact-right,0.5,female-f,17807,85.8,85.6
humana,interact-right,0.5,male-a,16006,94.0,94.0
humana,interact-right,0.5,male-b,16087,75.6,75.3
humana,interact-right,0.5,male-c,16614,94.5,94.3
humana,interact-right,0.5,male-d,16064,94.5,94.2
humana,interact-right,0.5,male-e,16375,92.8,92.4
humana,interact-right,0.5,male-f,17021,93.1,92.7
humana,wheelchair-sit,0.5,female-a,21042,100.0,57.7
humana,wheelchair-sit,0.5,female-b,16052,100.0,44.6
humana,wheelchair-sit,0.5,female-c,17036,100.0,43.0
humana,wheelchair-sit,0.5,female-d,18026,100.0,41.8
humana,wheelchair-sit,0.5,female-e,16568,100.0,43.7
humana,wheelchair-sit,0.5,female-f,17136,87.9,42.3
humana,wheelchair-sit,0.5,male-a,15634,100.0,40.2
humana,wheelchair-sit,0.5,male-b,16052,91.8,40.9
humana,wheelchair-sit,0.5,male-c,16411,100.0,45.2
humana,wheelchair-sit,0.5,male-d,16240,100.0,45.3
humana,wheelchair-sit,0.5,male-e,16232,97.5,44.1
humana,wheelchair-sit,0.5,male-f,16992,97.6,42.4
humana,wheelchair-look-left,0.5,female-a,21516,100.0,56.9
humana,wheelchair-look-left,0.5,female-b,16373,100.0,43.0
humana,wheelchair-look-left,0.5,female-c,17305,100.0,39.3
humana,wheelchair-look-left,0.5,female-d,18274,100.0,40.4
humana,wheelchair-look-left,0.5,female-e,17015,98.8,41.3
humana,wheelchair-look-left,0.5,female-f,17554,85.8,38.0
humana,wheelchair-look-left,0.5,male-a,15980,100.0,39.8
humana,wheelchair-look-left,0.5,male-b,16373,92.6,39.8
humana,wheelchair-look-left,0.5,male-c,16783,100.0,40.7
humana,wheelchair-look-left,0.5,male-d,16498,100.0,43.4
humana,wheelchair-look-left,0.5,male-e,16728,95.4,42.2
humana,wheelchair-look-left,0.5,male-f,17536,95.7,43.1
orc,idle,0.5,female-a,20578,100.0,99.7
orc,idle,0.5,female-b,15550,100.0,100.0
orc,idle,0.5,female-c,16278,100.0,100.0
orc,idle,0.5,female-d,17014,100.0,100.0
orc,idle,0.5,female-e,16000,100.0,100.0
orc,idle,0.5,female-f,16720,93.9,93.7
orc,idle,0.5,male-a,15166,100.0,99.2
orc,idle,0.5,male-b,15550,100.0,100.0
orc,idle,0.5,male-c,15871,100.0,99.7
orc,idle,0.5,male-d,15736,100.0,100.0
orc,idle,0.5,male-e,15766,98.6,98.6
orc,idle,0.5,male-f,16214,98.7,98.7
orc,holding-right,0.5,female-a,18157,98.9,98.7
orc,holding-right,0.5,female-b,13624,98.6,98.6
orc,holding-right,0.5,female-c,15023,97.1,97.0
orc,holding-right,0.5,female-d,15233,99.1,99.1
orc,holding-right,0.5,female-e,14036,98.6,98.6
orc,holding-right,0.5,female-f,15035,91.0,90.9
orc,holding-right,0.5,male-a,13355,97.6,97.0
orc,holding-right,0.5,male-b,13672,98.6,98.6
orc,holding-right,0.5,male-c,14584,97.0,96.8
orc,holding-right,0.5,male-d,13704,99.0,99.0
orc,holding-right,0.5,male-e,13837,97.4,97.4
orc,holding-right,0.5,male-f,14507,98.8,98.8
orc,holding-left,0.5,female-a,18157,98.9,98.7
orc,holding-left,0.5,female-b,13624,98.6,98.6
orc,holding-left,0.5,female-c,15023,97.1,97.0
orc,holding-left,0.5,female-d,15233,99.1,99.1
orc,holding-left,0.5,female-e,14036,98.6,98.6
orc,holding-left,0.5,female-f,14731,91.6,91.5
orc,holding-left,0.5,male-a,13355,97.6,97.0
orc,holding-left,0.5,male-b,13672,98.6,98.6
orc,holding-left,0.5,male-c,14309,97.7,97.6
orc,holding-left,0.5,male-d,13704,99.0,99.0
orc,holding-left,0.5,male-e,13837,97.4,97.4
orc,holding-left,0.5,male-f,14507,98.8,98.8
orc,emote-yes,0.2,female-a,21178,100.0,98.6
orc,emote-yes,0.2,female-b,16098,100.0,98.9
orc,emote-yes,0.2,female-c,16900,100.0,97.7
orc,emote-yes,0.2,female-d,17834,100.0,97.3
orc,emote-yes,0.2,female-e,16076,100.0,100.0
orc,emote-yes,0.2,female-f,16870,97.6,96.4
orc,emote-yes,0.2,male-a,15752,100.0,97.8
orc,emote-yes,0.2,male-b,16180,100.0,98.6
orc,emote-yes,0.2,male-c,16318,100.0,98.4
orc,emote-yes,0.2,male-d,16282,100.0,99.0
orc,emote-yes,0.2,male-e,16396,100.0,98.7
orc,emote-yes,0.2,male-f,16836,100.0,98.4
orc,emote-yes,0.4,female-a,20934,100.0,99.1
orc,emote-yes,0.4,female-b,15932,100.0,99.3
orc,emote-yes,0.4,female-c,16590,100.0,98.8
orc,emote-yes,0.4,female-d,17526,100.0,98.4
orc,emote-yes,0.4,female-e,16134,100.0,100.0
orc,emote-yes,0.4,female-f,16813,96.0,95.3
orc,emote-yes,0.4,male-a,15500,100.0,98.4
orc,emote-yes,0.4,male-b,15932,100.0,99.3
orc,emote-yes,0.4,male-c,16074,100.0,99.1
orc,emote-yes,0.4,male-d,16116,100.0,99.3
orc,emote-yes,0.4,male-e,16112,100.0,99.3
orc,emote-yes,0.4,male-f,16506,100.0,99.2
orc,emote-yes,0.6,female-a,20912,94.9,94.7
orc,emote-yes,0.6,female-b,15878,93.3,93.3
orc,emote-yes,0.6,female-c,16582,93.5,93.5
orc,emote-yes,0.6,female-d,17476,93.9,93.9
orc,emote-yes,0.6,female-e,16404,93.5,93.5
orc,emote-yes,0.6,female-f,17055,87.4,87.2
orc,emote-yes,0.6,male-a,15448,93.0,92.3
orc,emote-yes,0.6,male-b,15878,93.3,93.3
orc,emote-yes,0.6,male-c,16161,93.4,93.1
orc,emote-yes,0.6,male-d,16066,93.3,93.3
orc,emote-yes,0.6,male-e,16058,92.2,92.2
orc,emote-yes,0.6,male-f,16518,92.4,92.4
orc,emote-yes,0.8,female-a,21152,90.2,90.1
orc,emote-yes,0.8,female-b,16092,87.1,87.1
orc,emote-yes,0.8,female-c,16950,87.8,87.8
orc,emote-yes,0.8,female-d,17828,88.4,88.4
orc,emote-yes,0.8,female-e,16684,87.6,87.6
orc,emote-yes,0.8,female-f,17419,81.2,81.0
orc,emote-yes,0.8,male-a,15770,86.7,86.3
orc,emote-yes,0.8,male-b,16174,87.2,87.2
orc,emote-yes,0.8,male-c,16478,87.4,87.1
orc,emote-yes,0.8,male-d,16276,87.3,87.3
orc,emote-yes,0.8,male-e,16390,86.1,86.1
orc,emote-yes,0.8,male-f,16860,86.3,86.3
orc,interact-right,0.5,female-a,20670,95.4,94.9
orc,interact-right,0.5,female-b,15964,94.0,93.5
orc,interact-right,0.5,female-c,17629,94.3,94.3
orc,interact-right,0.5,female-d,18056,94.7,94.7
orc,interact-right,0.5,female-e,16552,94.2,93.8
orc,interact-right,0.5,female-f,17807,85.3,85.2
orc,interact-right,0.5,male-a,16006,93.5,93.5
orc,interact-right,0.5,male-b,16087,94.0,93.6
orc,interact-right,0.5,male-c,16614,93.9,93.8
orc,interact-right,0.5,male-d,16064,94.0,93.8
orc,interact-right,0.5,male-e,16375,92.4,92.0
orc,interact-right,0.5,male-f,17021,92.6,92.2
orc,wheelchair-sit,0.5,female-a,21042,100.0,57.7
orc,wheelchair-sit,0.5,female-b,16052,100.0,44.6
orc,wheelchair-sit,0.5,female-c,17036,100.0,43.0
orc,wheelchair-sit,0.5,female-d,18026,100.0,41.8
orc,wheelchair-sit,0.5,female-e,16568,100.0,43.7
orc,wheelchair-sit,0.5,female-f,17136,87.9,42.3
orc,wheelchair-sit,0.5,male-a,15634,100.0,40.2
orc,wheelchair-sit,0.5,male-b,16052,100.0,44.6
orc,wheelchair-sit,0.5,male-c,16411,100.0,45.2
orc,wheelchair-sit,0.5,male-d,16240,100.0,45.3
orc,wheelchair-sit,0.5,male-e,16232,97.5,44.1
orc,wheelchair-sit,0.5,male-f,16992,97.6,42.4
orc,wheelchair-look-left,0.5,female-a,21516,100.0,56.9
orc,wheelchair-look-left,0.5,female-b,16373,100.0,43.0
orc,wheelchair-look-left,0.5,female-c,17305,100.0,39.3
orc,wheelchair-look-left,0.5,female-d,18274,100.0,40.4
orc,wheelchair-look-left,0.5,female-e,17015,100.0,41.8
orc,wheelchair-look-left,0.5,female-f,17554,85.6,37.9
orc,wheelchair-look-left,0.5,male-a,15980,100.0,39.8
orc,wheelchair-look-left,0.5,male-b,16373,100.0,43.0
orc,wheelchair-look-left,0.5,male-c,16783,100.0,40.7
orc,wheelchair-look-left,0.5,male-d,16498,100.0,43.4
orc,wheelchair-look-left,0.5,male-e,16728,95.3,42.1
orc,wheelchair-look-left,0.5,male-f,17536,95.6,43.0
automato,idle,0.5,female-a,20578,100.0,97.9
automato,idle,0.5,female-b,15550,100.0,98.8
automato,idle,0.5,female-c,16278,100.0,98.9
automato,idle,0.5,female-d,17014,100.0,98.4
automato,idle,0.5,female-e,16000,100.0,99.2
automato,idle,0.5,female-f,16720,93.8,92.3
automato,idle,0.5,male-a,15166,100.0,97.8
automato,idle,0.5,male-b,15550,100.0,98.8
automato,idle,0.5,male-c,15871,100.0,98.2
automato,idle,0.5,male-d,15736,100.0,98.3
automato,idle,0.5,male-e,15766,98.6,97.8
automato,idle,0.5,male-f,16214,98.6,97.3
automato,holding-right,0.5,female-a,18157,98.8,97.1
automato,holding-right,0.5,female-b,13624,97.7,95.1
automato,holding-right,0.5,female-c,15023,96.9,94.4
automato,holding-right,0.5,female-d,15233,98.7,96.0
automato,holding-right,0.5,female-e,14036,97.8,95.3
automato,holding-right,0.5,female-f,15035,90.6,88.0
automato,holding-right,0.5,male-a,13355,97.5,94.0
automato,holding-right,0.5,male-b,13672,97.7,95.1
automato,holding-right,0.5,male-c,14584,96.8,93.8
automato,holding-right,0.5,male-d,13704,98.6,95.6
automato,holding-right,0.5,male-e,13837,96.5,94.0
automato,holding-right,0.5,male-f,14507,98.7,95.9
automato,holding-left,0.5,female-a,18157,98.8,97.1
automato,holding-left,0.5,female-b,13624,97.7,95.1
automato,holding-left,0.5,female-c,15023,96.9,94.6
automato,holding-left,0.5,female-d,15233,98.7,96.1
automato,holding-left,0.5,female-e,14036,97.8,95.3
automato,holding-left,0.5,female-f,14731,91.3,89.0
automato,holding-left,0.5,male-a,13355,97.5,94.0
automato,holding-left,0.5,male-b,13672,97.7,95.1
automato,holding-left,0.5,male-c,14309,97.6,95.0
automato,holding-left,0.5,male-d,13704,98.6,95.6
automato,holding-left,0.5,male-e,13837,96.5,94.1
automato,holding-left,0.5,male-f,14507,98.7,95.9
automato,emote-yes,0.2,female-a,21178,100.0,97.1
automato,emote-yes,0.2,female-b,16098,100.0,97.8
automato,emote-yes,0.2,female-c,16900,100.0,96.7
automato,emote-yes,0.2,female-d,17834,100.0,95.9
automato,emote-yes,0.2,female-e,16076,100.0,99.1
automato,emote-yes,0.2,female-f,16870,97.5,95.0
automato,emote-yes,0.2,male-a,15752,100.0,96.5
automato,emote-yes,0.2,male-b,16180,100.0,97.5
automato,emote-yes,0.2,male-c,16318,100.0,97.0
automato,emote-yes,0.2,male-d,16282,100.0,97.4
automato,emote-yes,0.2,male-e,16396,100.0,97.9
automato,emote-yes,0.2,male-f,16836,100.0,97.1
automato,emote-yes,0.4,female-a,20934,100.0,97.5
automato,emote-yes,0.4,female-b,15932,100.0,98.2
automato,emote-yes,0.4,female-c,16590,100.0,97.7
automato,emote-yes,0.4,female-d,17526,100.0,96.9
automato,emote-yes,0.4,female-e,16134,100.0,99.2
automato,emote-yes,0.4,female-f,16813,96.0,93.9
automato,emote-yes,0.4,male-a,15500,100.0,97.0
automato,emote-yes,0.4,male-b,15932,100.0,98.2
automato,emote-yes,0.4,male-c,16074,100.0,97.7
automato,emote-yes,0.4,male-d,16116,100.0,97.6
automato,emote-yes,0.4,male-e,16112,100.0,98.5
automato,emote-yes,0.4,male-f,16506,100.0,97.8
automato,emote-yes,0.6,female-a,20912,95.2,93.4
automato,emote-yes,0.6,female-b,15878,93.7,92.7
automato,emote-yes,0.6,female-c,16582,93.9,93.0
automato,emote-yes,0.6,female-d,17476,94.2,92.9
automato,emote-yes,0.6,female-e,16404,93.9,93.1
automato,emote-yes,0.6,female-f,17055,87.6,86.4
automato,emote-yes,0.6,male-a,15448,93.4,91.4
automato,emote-yes,0.6,male-b,15878,93.7,92.7
automato,emote-yes,0.6,male-c,16161,93.7,92.3
automato,emote-yes,0.6,male-d,16066,93.7,92.2
automato,emote-yes,0.6,male-e,16058,92.6,91.9
automato,emote-yes,0.6,male-f,16518,92.7,91.4
automato,emote-yes,0.8,female-a,21152,89.7,88.2
automato,emote-yes,0.8,female-b,16092,86.6,85.7
automato,emote-yes,0.8,female-c,16950,87.3,86.5
automato,emote-yes,0.8,female-d,17828,87.9,86.6
automato,emote-yes,0.8,female-e,16684,87.1,86.4
automato,emote-yes,0.8,female-f,17419,80.6,79.4
automato,emote-yes,0.8,male-a,15770,86.1,84.5
automato,emote-yes,0.8,male-b,16174,86.7,85.7
automato,emote-yes,0.8,male-c,16478,86.8,85.4
automato,emote-yes,0.8,male-d,16276,86.7,85.3
automato,emote-yes,0.8,male-e,16390,85.6,84.9
automato,emote-yes,0.8,male-f,16860,85.7,84.5
automato,interact-right,0.5,female-a,20670,95.4,93.6
automato,interact-right,0.5,female-b,15964,93.9,91.9
automato,interact-right,0.5,female-c,17629,94.2,92.8
automato,interact-right,0.5,female-d,18056,94.6,93.2
automato,interact-right,0.5,female-e,16552,94.1,92.3
automato,interact-right,0.5,female-f,17807,85.1,83.6
automato,interact-right,0.5,male-a,16006,93.3,91.7
automato,interact-right,0.5,male-b,16087,93.9,92.0
automato,interact-right,0.5,male-c,16614,93.8,92.1
automato,interact-right,0.5,male-d,16064,93.9,92.3
automato,interact-right,0.5,male-e,16375,92.2,90.3
automato,interact-right,0.5,male-f,17021,92.4,90.4
automato,wheelchair-sit,0.5,female-a,21042,100.0,56.2
automato,wheelchair-sit,0.5,female-b,16052,100.0,43.4
automato,wheelchair-sit,0.5,female-c,17036,100.0,42.0
automato,wheelchair-sit,0.5,female-d,18026,100.0,40.1
automato,wheelchair-sit,0.5,female-e,16568,100.0,42.9
automato,wheelchair-sit,0.5,female-f,17136,87.6,40.9
automato,wheelchair-sit,0.5,male-a,15634,100.0,38.9
automato,wheelchair-sit,0.5,male-b,16052,100.0,43.4
automato,wheelchair-sit,0.5,male-c,16411,100.0,43.7
automato,wheelchair-sit,0.5,male-d,16240,100.0,43.4
automato,wheelchair-sit,0.5,male-e,16232,97.5,43.3
automato,wheelchair-sit,0.5,male-f,16992,97.5,41.0
automato,wheelchair-look-left,0.5,female-a,21516,100.0,55.4
automato,wheelchair-look-left,0.5,female-b,16373,100.0,41.8
automato,wheelchair-look-left,0.5,female-c,17305,100.0,38.3
automato,wheelchair-look-left,0.5,female-d,18274,100.0,38.9
automato,wheelchair-look-left,0.5,female-e,17015,100.0,41.1
automato,wheelchair-look-left,0.5,female-f,17554,85.1,36.6
automato,wheelchair-look-left,0.5,male-a,15980,100.0,38.5
automato,wheelchair-look-left,0.5,male-b,16373,100.0,41.8
automato,wheelchair-look-left,0.5,male-c,16783,100.0,39.5
automato,wheelchair-look-left,0.5,male-d,16498,100.0,41.8
automato,wheelchair-look-left,0.5,male-e,16728,95.2,41.3
automato,wheelchair-look-left,0.5,male-f,17536,95.4,41.6
golem,idle,0.5,female-a,23664,93.0,89.2
golem,idle,0.5,female-b,17926,90.8,87.5
golem,idle,0.5,female-c,18716,90.9,87.9
golem,idle,0.5,female-d,19602,91.6,88.4
golem,idle,0.5,female-e,18432,91.0,87.9
golem,idle,0.5,female-f,19229,84.8,81.9
golem,idle,0.5,male-a,17452,89.3,85.7
golem,idle,0.5,male-b,17926,90.8,87.5
golem,idle,0.5,male-c,18245,90.7,87.4
golem,idle,0.5,male-d,18140,90.9,87.5
golem,idle,0.5,male-e,18178,89.5,86.4
golem,idle,0.5,male-f,18666,89.3,86.3
golem,holding-right,0.5,female-a,20845,92.0,88.5
golem,holding-right,0.5,female-b,15675,86.5,80.6
golem,holding-right,0.5,female-c,17260,85.2,80.0
golem,holding-right,0.5,female-d,17532,89.8,84.3
golem,holding-right,0.5,female-e,16160,86.9,81.1
golem,holding-right,0.5,female-f,17279,78.6,73.7
golem,holding-right,0.5,male-a,15395,84.4,78.3
golem,holding-right,0.5,male-b,15735,86.5,80.7
golem,holding-right,0.5,male-c,16750,84.6,79.1
golem,holding-right,0.5,male-d,15771,88.5,82.5
golem,holding-right,0.5,male-e,15926,85.4,79.6
golem,holding-right,0.5,male-f,16674,90.0,84.2
golem,holding-left,0.5,female-a,20845,92.0,88.5
golem,holding-left,0.5,female-b,15675,86.5,80.6
golem,holding-left,0.5,female-c,17260,85.2,80.0
golem,holding-left,0.5,female-d,17532,89.8,84.3
golem,holding-left,0.5,female-e,16160,86.9,81.1
golem,holding-left,0.5,female-f,16927,80.6,75.6
golem,holding-left,0.5,male-a,15395,84.4,78.3
golem,holding-left,0.5,male-b,15735,86.5,80.7
golem,holding-left,0.5,male-c,16433,86.8,81.2
golem,holding-left,0.5,male-d,15771,88.5,82.6
golem,holding-left,0.5,male-e,15926,85.4,79.6
golem,holding-left,0.5,male-f,16674,90.0,84.2
golem,emote-yes,0.2,female-a,24530,96.7,92.1
golem,emote-yes,0.2,female-b,18746,95.7,91.1
golem,emote-yes,0.2,female-c,19732,96.3,90.9
golem,emote-yes,0.2,female-d,20774,96.1,90.4
golem,emote-yes,0.2,female-e,18610,96.4,93.5
golem,emote-yes,0.2,female-f,19532,92.8,88.5
golem,emote-yes,0.2,male-a,18260,95.3,90.3
golem,emote-yes,0.2,male-b,18746,95.7,91.1
golem,emote-yes,0.2,male-c,18939,95.8,91.2
golem,emote-yes,0.2,male-d,18946,95.8,91.1
golem,emote-yes,0.2,male-e,18956,94.9,90.7
golem,emote-yes,0.2,male-f,19416,94.7,90.2
golem,emote-yes,0.4,female-a,24100,95.3,91.2
golem,emote-yes,0.4,female-b,18326,93.8,89.8
golem,emote-yes,0.4,female-c,19246,94.4,90.0
golem,emote-yes,0.4,female-d,20168,94.5,90.1
golem,emote-yes,0.4,female-e,18522,94.4,91.5
golem,emote-yes,0.4,female-f,19343,89.6,86.0
golem,emote-yes,0.4,male-a,17848,93.0,88.7
golem,emote-yes,0.4,male-b,18326,93.8,89.8
golem,emote-yes,0.4,male-c,18535,93.9,90.0
golem,emote-yes,0.4,male-d,18532,94.0,90.0
golem,emote-yes,0.4,male-e,18578,92.8,89.3
golem,emote-yes,0.4,male-f,19010,92.6,88.8
golem,emote-yes,0.6,female-a,24070,84.0,80.7
golem,emote-yes,0.6,female-b,18328,79.2,76.4
golem,emote-yes,0.6,female-c,19220,78.6,76.1
golem,emote-yes,0.6,female-d,20152,81.1,78.4
golem,emote-yes,0.6,female-e,18942,79.9,77.3
golem,emote-yes,0.6,female-f,19730,72.3,69.8
golem,emote-yes,0.6,male-a,17854,76.0,73.0
golem,emote-yes,0.6,male-b,18328,79.2,76.4
golem,emote-yes,0.6,male-c,18626,77.9,75.1
golem,emote-yes,0.6,male-d,18536,79.4,76.5
golem,emote-yes,0.6,male-e,18580,78.1,75.5
golem,emote-yes,0.6,male-f,19106,77.3,74.7
golem,emote-yes,0.8,female-a,24402,76.8,73.8
golem,emote-yes,0.8,female-b,18654,69.8,67.5
golem,emote-yes,0.8,female-c,19572,69.6,67.5
golem,emote-yes,0.8,female-d,20656,72.9,70.6
golem,emote-yes,0.8,female-e,19290,70.9,68.6
golem,emote-yes,0.8,female-f,20103,63.2,61.1
golem,emote-yes,0.8,male-a,18178,66.2,63.7
golem,emote-yes,0.8,male-b,18654,69.8,67.5
golem,emote-yes,0.8,male-c,18929,68.5,66.1
golem,emote-yes,0.8,male-d,18864,70.2,67.8
golem,emote-yes,0.8,male-e,18906,68.9,66.6
golem,emote-yes,0.8,male-f,19502,68.6,66.4
golem,interact-right,0.5,female-a,24345,83.8,80.3
golem,interact-right,0.5,female-b,18886,76.5,73.3
golem,interact-right,0.5,female-c,20901,77.4,74.7
golem,interact-right,0.5,female-d,21322,79.5,76.6
golem,interact-right,0.5,female-e,19585,77.3,74.3
golem,interact-right,0.5,female-f,21110,67.9,65.5
golem,interact-right,0.5,male-a,18958,74.4,71.4
golem,interact-right,0.5,male-b,19022,76.6,73.5
golem,interact-right,0.5,male-c,19547,75.8,72.9
golem,interact-right,0.5,male-d,19006,76.9,73.7
golem,interact-right,0.5,male-e,19358,75.3,72.3
golem,interact-right,0.5,male-f,20071,77.0,74.0
golem,wheelchair-sit,0.5,female-a,23006,93.6,56.5
golem,wheelchair-sit,0.5,female-b,18434,90.8,48.0
golem,wheelchair-sit,0.5,female-c,19578,88.6,45.2
golem,wheelchair-sit,0.5,female-d,20712,91.2,44.7
golem,wheelchair-sit,0.5,female-e,19060,90.9,47.2
golem,wheelchair-sit,0.5,female-f,19713,80.2,44.0
golem,wheelchair-sit,0.5,male-a,17954,88.8,42.9
golem,wheelchair-sit,0.5,male-b,18434,90.8,48.0
golem,wheelchair-sit,0.5,male-c,18864,88.7,47.3
golem,wheelchair-sit,0.5,male-d,18652,90.9,47.8
golem,wheelchair-sit,0.5,male-e,18644,88.9,47.6
golem,wheelchair-sit,0.5,male-f,19532,89.0,45.8
golem,wheelchair-look-left,0.5,female-a,23726,93.6,54.1
golem,wheelchair-look-left,0.5,female-b,18827,90.3,43.6
golem,wheelchair-look-left,0.5,female-c,19906,89.1,41.7
golem,wheelchair-look-left,0.5,female-d,21018,90.7,40.9
golem,wheelchair-look-left,0.5,female-e,19562,90.3,43.2
golem,wheelchair-look-left,0.5,female-f,20193,80.1,40.2
golem,wheelchair-look-left,0.5,male-a,18388,87.3,40.5
golem,wheelchair-look-left,0.5,male-b,18827,90.3,43.6
golem,wheelchair-look-left,0.5,male-c,19307,89.3,43.9
golem,wheelchair-look-left,0.5,male-d,18971,90.3,43.3
golem,wheelchair-look-left,0.5,male-e,19238,86.5,42.8
golem,wheelchair-look-left,0.5,male-f,20170,87.4,43.4
raposa,idle,0.5,female-a,20578,100.0,99.7
raposa,idle,0.5,female-b,15550,100.0,100.0
raposa,idle,0.5,female-c,16278,100.0,100.0
raposa,idle,0.5,female-d,17014,100.0,100.0
raposa,idle,0.5,female-e,16000,100.0,100.0
raposa,idle,0.5,female-f,16720,93.9,93.7
raposa,idle,0.5,male-a,15166,100.0,99.2
raposa,idle,0.5,male-b,15550,100.0,100.0
raposa,idle,0.5,male-c,15871,100.0,99.7
raposa,idle,0.5,male-d,15736,100.0,100.0
raposa,idle,0.5,male-e,15766,98.6,98.6
raposa,idle,0.5,male-f,16214,98.7,98.7
raposa,holding-right,0.5,female-a,18157,98.7,98.5
raposa,holding-right,0.5,female-b,13624,97.5,97.5
raposa,holding-right,0.5,female-c,15023,96.6,96.6
raposa,holding-right,0.5,female-d,15233,98.7,98.7
raposa,holding-right,0.5,female-e,14036,97.6,97.6
raposa,holding-right,0.5,female-f,15035,90.5,90.4
raposa,holding-right,0.5,male-a,13355,97.3,96.8
raposa,holding-right,0.5,male-b,13672,97.5,97.5
raposa,holding-right,0.5,male-c,14584,96.5,96.4
raposa,holding-right,0.5,male-d,13704,98.5,98.5
raposa,holding-right,0.5,male-e,13837,96.4,96.4
raposa,holding-right,0.5,male-f,14507,97.5,97.5
raposa,holding-left,0.5,female-a,18157,98.7,98.5
raposa,holding-left,0.5,female-b,13624,97.5,97.5
raposa,holding-left,0.5,female-c,15023,96.6,96.6
raposa,holding-left,0.5,female-d,15233,98.7,98.7
raposa,holding-left,0.5,female-e,14036,97.6,97.6
raposa,holding-left,0.5,female-f,14731,91.3,91.2
raposa,holding-left,0.5,male-a,13355,97.3,96.8
raposa,holding-left,0.5,male-b,13672,97.5,97.5
raposa,holding-left,0.5,male-c,14309,97.4,97.3
raposa,holding-left,0.5,male-d,13704,98.5,98.5
raposa,holding-left,0.5,male-e,13837,96.4,96.4
raposa,holding-left,0.5,male-f,14507,97.5,97.5
raposa,emote-yes,0.2,female-a,21178,100.0,98.3
raposa,emote-yes,0.2,female-b,16098,100.0,98.8
raposa,emote-yes,0.2,female-c,16900,100.0,97.5
raposa,emote-yes,0.2,female-d,17834,100.0,97.1
raposa,emote-yes,0.2,female-e,16076,100.0,100.0
raposa,emote-yes,0.2,female-f,16870,97.6,96.2
raposa,emote-yes,0.2,male-a,15752,100.0,97.4
raposa,emote-yes,0.2,male-b,16180,100.0,98.3
raposa,emote-yes,0.2,male-c,16318,100.0,98.1
raposa,emote-yes,0.2,male-d,16282,100.0,98.8
raposa,emote-yes,0.2,male-e,16396,100.0,98.3
raposa,emote-yes,0.2,male-f,16836,100.0,98.0
raposa,emote-yes,0.4,female-a,20934,100.0,99.0
raposa,emote-yes,0.4,female-b,15932,100.0,99.1
raposa,emote-yes,0.4,female-c,16590,100.0,98.6
raposa,emote-yes,0.4,female-d,17526,100.0,98.3
raposa,emote-yes,0.4,female-e,16134,100.0,100.0
raposa,emote-yes,0.4,female-f,16813,96.0,95.1
raposa,emote-yes,0.4,male-a,15500,100.0,98.2
raposa,emote-yes,0.4,male-b,15932,100.0,99.1
raposa,emote-yes,0.4,male-c,16074,100.0,99.1
raposa,emote-yes,0.4,male-d,16116,100.0,99.1
raposa,emote-yes,0.4,male-e,16112,100.0,99.1
raposa,emote-yes,0.4,male-f,16506,100.0,99.1
raposa,emote-yes,0.6,female-a,20912,94.2,94.1
raposa,emote-yes,0.6,female-b,15878,92.4,92.4
raposa,emote-yes,0.6,female-c,16582,92.8,92.7
raposa,emote-yes,0.6,female-d,17476,93.1,93.1
raposa,emote-yes,0.6,female-e,16404,92.7,92.7
raposa,emote-yes,0.6,female-f,17055,86.6,86.4
raposa,emote-yes,0.6,male-a,15448,92.0,91.2
raposa,emote-yes,0.6,male-b,15878,92.4,92.4
raposa,emote-yes,0.6,male-c,16161,92.5,92.3
raposa,emote-yes,0.6,male-d,16066,92.5,92.5
raposa,emote-yes,0.6,male-e,16058,91.4,91.4
raposa,emote-yes,0.6,male-f,16518,91.5,91.5
raposa,emote-yes,0.8,female-a,21152,87.5,87.4
raposa,emote-yes,0.8,female-b,16092,83.5,83.5
raposa,emote-yes,0.8,female-c,16950,84.4,84.4
raposa,emote-yes,0.8,female-d,17828,85.1,85.1
raposa,emote-yes,0.8,female-e,16684,84.1,84.1
raposa,emote-yes,0.8,female-f,17419,77.9,77.7
raposa,emote-yes,0.8,male-a,15770,82.7,82.3
raposa,emote-yes,0.8,male-b,16174,83.6,83.6
raposa,emote-yes,0.8,male-c,16478,83.9,83.6
raposa,emote-yes,0.8,male-d,16276,83.7,83.7
raposa,emote-yes,0.8,male-e,16390,82.5,82.5
raposa,emote-yes,0.8,male-f,16860,82.7,82.7
raposa,interact-right,0.5,female-a,20670,95.3,94.7
raposa,interact-right,0.5,female-b,15964,94.0,93.5
raposa,interact-right,0.5,female-c,17629,94.2,94.2
raposa,interact-right,0.5,female-d,18056,94.7,94.7
raposa,interact-right,0.5,female-e,16552,94.2,93.8
raposa,interact-right,0.5,female-f,17807,85.2,85.0
raposa,interact-right,0.5,male-a,16006,93.3,93.3
raposa,interact-right,0.5,male-b,16087,94.0,93.6
raposa,interact-right,0.5,male-c,16614,93.8,93.6
raposa,interact-right,0.5,male-d,16064,94.0,93.8
raposa,interact-right,0.5,male-e,16375,92.3,91.9
raposa,interact-right,0.5,male-f,17021,92.5,92.1
raposa,wheelchair-sit,0.5,female-a,21042,100.0,57.7
raposa,wheelchair-sit,0.5,female-b,16052,100.0,44.6
raposa,wheelchair-sit,0.5,female-c,17036,100.0,43.0
raposa,wheelchair-sit,0.5,female-d,18026,100.0,41.8
raposa,wheelchair-sit,0.5,female-e,16568,100.0,43.7
raposa,wheelchair-sit,0.5,female-f,17136,87.9,42.3
raposa,wheelchair-sit,0.5,male-a,15634,100.0,40.2
raposa,wheelchair-sit,0.5,male-b,16052,100.0,44.6
raposa,wheelchair-sit,0.5,male-c,16411,100.0,45.2
raposa,wheelchair-sit,0.5,male-d,16240,100.0,45.3
raposa,wheelchair-sit,0.5,male-e,16232,97.5,44.1
raposa,wheelchair-sit,0.5,male-f,16992,97.6,42.4
raposa,wheelchair-look-left,0.5,female-a,21516,100.0,56.9
raposa,wheelchair-look-left,0.5,female-b,16373,100.0,43.0
raposa,wheelchair-look-left,0.5,female-c,17305,100.0,39.3
raposa,wheelchair-look-left,0.5,female-d,18274,100.0,40.4
raposa,wheelchair-look-left,0.5,female-e,17015,100.0,41.8
raposa,wheelchair-look-left,0.5,female-f,17554,85.6,37.9
raposa,wheelchair-look-left,0.5,male-a,15980,100.0,39.8
raposa,wheelchair-look-left,0.5,male-b,16373,100.0,43.0
raposa,wheelchair-look-left,0.5,male-c,16783,100.0,40.7
raposa,wheelchair-look-left,0.5,male-d,16498,100.0,43.4
raposa,wheelchair-look-left,0.5,male-e,16728,95.3,42.1
raposa,wheelchair-look-left,0.5,male-f,17536,95.6,43.0
